部屋(1:部屋、0:部屋以外),名前,オブジェクト名,x座標,y座標,隣接ノード(名前.重み)
1,講義棟101講義室,inter1,25,72,講義棟1-10_0.6
1,講義棟102講義室,inter1,25,127,講義棟1-11_0.6
1,講義棟103待機室,inter1,173,71,講義棟1-2_0.6
1,講義棟104講義室,inter1,173,128,講義棟1-1_0.6
0,講義棟1-1,inter1,145,128,講義棟104講義室_0.6,講義棟1-2_1.1
0,講義棟1-2,inter1,145,71,講義棟103待機室_0.6,講義棟1-1_1.1,講義棟1-13_0.5
0,講義棟1-3,inter1,145,42,講義棟1-5_0.9,講義棟1-13_0.1
0,講義棟1-4,inter1,164,48,講義棟1-13_0.4,講義棟2-4_2.0
0,講義棟1-5,inter1,100,42,講義棟1-3_0.9,講義棟1-6_1.2,講義棟1-7_2.0,講義棟1-8_0.9
0,講義棟1-6,inter1,100,-17,講義棟1-5_1.2,情報棟2-22_2.0,芸術棟2-25_2.0
0,講義棟1-7,inter1,100,144,講義棟1-5_2.0,講義棟2-20_2.0
0,講義棟1-8,inter1,55,42,講義棟1-5_0.9,講義棟1-12_0.1
0,講義棟1-9,inter1,35,48,講義棟1-12_0.4,講義棟2-11_2.0
0,講義棟1-10,inter1,55,72,講義棟101講義室_0.6,講義棟1-12_0.5,講義棟1-11_1.1
0,講義棟1-11,inter1,55,127,講義棟102講義室_0.6,講義棟1-10_1.1
0,講義棟1-12,inter1,55,48,講義棟1-8_0.1,講義棟1-9_0.4,講義棟1-10_0.5
0,講義棟1-13,inter1,145,48,講義棟1-2_0.5,講義棟1-3_0.1,講義棟1-4_0.4
1,講義棟201物理実験準備室,inter2,45,91,講義棟2-10_0.6
1,講義棟202講義室,inter2,45,155,講義棟2-12_0.6
1,講義棟203講義室,inter2,193,91,講義棟2-2_0.6
1,講義棟204講義室,inter2,193,155,講義棟2-1_0.6
0,講義棟2-1,inter2,165,155,講義棟204講義室_0.6,講義棟2-2_1.3,講義棟2-12_1.8
0,講義棟2-2,inter2,165,91,講義棟203講義室_0.6,講義棟2-1_1.3,講義棟2-18_0.5
0,講義棟2-3,inter2,165,65,講義棟2-5_0.3,講義棟2-18_0.1
0,講義棟2-4,inter2,183,69,講義棟2-18_0.4,講義棟1-4_2.0,講義棟3-24_2.0
0,講義棟2-5,inter2,148,65,講義棟2-3_0.3,講義棟2-6_1.0,講義棟2-7_1.2
0,講義棟2-6,inter2,148,115,講義棟2-5_1.0,講義棟3-27_2.0
0,講義棟2-7,inter2,90,65,講義棟2-5_1.2,講義棟2-8_1.0,講義棟2-9_0.3
0,講義棟2-8,inter2,90,115,講義棟2-7_1.0,講義棟3-26_2.0
0,講義棟2-9,inter2,75,65,講義棟2-7_0.3,講義棟2-19_0.1
0,講義棟2-10,inter2,75,91,講義棟201物理実験準備室_0.6,講義棟2-19_0.4,講義棟2-12_1.3
0,講義棟2-11,inter2,55,69,講義棟2-19_0.4,講義棟1-9_2.0,講義棟3-25_2.0
0,講義棟2-12,inter2,75,155,講義棟202講義室_0.6,講義棟2-10_1.3,講義棟2-1_1.8
0,講義棟2-13,inter2,118,253,講義棟2-14_2.2,講義棟2-15_2.2,講義棟2-16_1.0
0,講義棟2-14,inter2,230,253,講義棟2-13_2.2,芸術棟2-21_2.0
0,講義棟2-15,inter2,6,253,講義棟2-13_2.2,情報棟2-18_2.0
0,講義棟2-16,inter2,118,305,講義棟2-13_1.0,講義棟2-17_0.4
0,講義棟2-17,inter2,118,325,講義棟2-16_0.4,講義棟3-14_2.0
0,講義棟2-18,inter2,165,68,講義棟2-2_0.5,講義棟2-3_0.1,講義棟2-4_0.4
0,講義棟2-19,inter2,75,69,講義棟2-9_0.1,講義棟2-10_0.4,講義棟2-11_0.4
0,講義棟2-20,inter2,118,210,講義棟2-13_1.0,講義棟1-7_2.0
1,講義棟301科学実験準備室,inter3,59,65,講義棟3-21_0.4
1,講義棟302科学実験室,inter3,92,120,講義棟3-20_1.1,講義棟3-19_1.3
1,講義棟303,inter3,217,65,講義棟3-23_0.4
1,講義棟304キャリアセンター,inter3,182,120,講義棟3-22_1.1,講義棟3-17_1.3
1,講義棟310非常勤講師控室,inter3,53,330,講義棟3-11_0.6
1,講義棟311会議室,inter3,53,390,講義棟3-12_0.6
1,講義棟312会議室,inter3,53,439,講義棟3-13_0.6
1,講義棟330資料・印刷室,inter3,220,320,講義棟3-6_0.6
1,講義棟331国際学部分室,inter3,220,360,講義棟3-7_0.6
1,講義棟332国際学部長室,inter3,220,399,講義棟3-8_0.6
1,講義棟333会議室,inter3,220,439,講義棟3-9_0.6
0,講義棟3-1,inter3,135,231,講義棟3-2_1.6,講義棟3-3_1.9,講義棟3-4_1.0,講義棟3-15_0.9
0,講義棟3-2,inter3,57,231,講義棟3-1_1.6,情報棟3-26_2.0
0,講義棟3-3,inter3,230,231,講義棟3-1_1.9,芸術棟3-51_2.0
0,講義棟3-4,inter3,135,280,講義棟3-1_1.0,講義棟3-5_1.1,講義棟3-10_1.1
0,講義棟3-5,inter3,190,280,講義棟3-4_1.1,講義棟3-6_0.8
0,講義棟3-6,inter3,190,320,講義棟3-5_0.8,講義棟3-7_0.8,講義棟330資料・印刷室_0.6
0,講義棟3-7,inter3,190,360,講義棟3-6_0.8,講義棟3-8_0.8,講義棟331国際学部分室_0.6
0,講義棟3-8,inter3,190,399,講義棟3-7_0.8,講義棟3-9_0.8,講義棟332国際学部長室_0.6
0,講義棟3-9,inter3,190,439,講義棟3-8_0.8,講義棟333会議室_0.6
0,講義棟3-10,inter3,81,280,講義棟3-4_1.1,講義棟3-11_1.0
0,講義棟3-11,inter3,81,330,講義棟3-10_1.0,講義棟310非常勤講師控室_0.6,講義棟3-12_1.2
0,講義棟3-12,inter3,81,390,講義棟3-11_1.2,講義棟3-13_1.0,講義棟311会議室_0.6
0,講義棟3-13,inter3,81,439,講義棟3-12_1.0,講義棟312会議室_0.6
0,講義棟3-14,inter3,135,300,講義棟3-4_0.4,講義棟2-17_2.0,講義棟4-32_2.0
0,講義棟3-15,inter3,135,185,講義棟3-1_0.9,講義棟3-16_0.6,講義棟3-18_0.5
0,講義棟3-16,inter3,167,185,講義棟3-15_0.6,講義棟3-17_0.3,講義棟3-27_0.6
0,講義棟3-17,inter3,182,185,講義棟3-16_0.3,講義棟304キャリアセンター_1.3
0,講義棟3-18,inter3,110,185,講義棟3-15_0.5,講義棟3-19_0.4,講義棟3-26_0.6
0,講義棟3-19,inter3,92,185,講義棟3-18_0.4,講義棟302科学実験室_1.3
0,講義棟3-20,inter3,92,65,講義棟3-21_0.3,講義棟302科学実験室_1.1
0,講義棟3-21,inter3,78,65,講義棟301科学実験準備室_0.4,講義棟3-20_0.3,講義棟3-25_0.2
0,講義棟3-22,inter3,182,65,講義棟304キャリアセンター_1.1,講義棟3-23_0.3
0,講義棟3-23,inter3,197,65,講義棟303_0.4,講義棟3-22_0.3,講義棟3-24_0.2
0,講義棟3-24,inter3,197,53,講義棟3-23_0.2,講義棟2-4_2.0,講義棟4-44_2.0
0,講義棟3-25,inter3,78,53,講義棟3-21_0.2,講義棟2-11_2.0,講義棟4-41_2.0
0,講義棟3-26,inter3,110,157,講義棟3-18_0.6,講義棟2-8_2.0
0,講義棟3-27,inter3,167,157,講義棟3-16_0.6,講義棟2-6_2.0
1,講義棟401資料室,inter4,53,53,講義棟4-40_0.3
1,講義棟402講義室,inter4,89,109,講義棟4-37_1.4,講義棟4-39_1.1
1,講義棟403資料室,inter4,212,53,講義棟4-43_0.3
1,講義棟404講義棟,inter4,180,109,講義棟4-36_1.4,講義棟4-42_1.1
1,講義棟410中講義室,inter4,51,319,講義棟4-28_0.6
1,講義棟411中講義室,inter4,51,380,講義棟4-27_0.6
1,講義棟412小講義室,inter4,51,427,講義棟4-26_0.6
1,講義棟413小講義室,inter4,51,469,講義棟4-25_0.6
1,講義棟414中講義室,inter4,51,530,講義棟4-24_0.6
1,講義棟430中講義室,inter4,219,319,講義棟4-23_0.6
1,講義棟431中講義室,inter4,219,380,講義棟4-22_0.6
1,講義棟432小講義室,inter4,219,427,講義棟4-21_0.6
1,講義棟433小講義室,inter4,219,467,講義棟4-20_0.6
1,講義棟434中講義室,inter4,219,530,講義棟4-19_0.6
0,講義棟4-15,inter4,13,574,講義棟4-16_1.3,情報棟4-64_2.0
0,講義棟4-16,inter4,80,574,講義棟4-15_1.3,講義棟4-17_2.2,講義棟4-24_0.9
0,講義棟4-17,inter4,190,574,講義棟4-16_2.2,講義棟4-18_1.3,講義棟4-19_0.9
0,講義棟4-18,inter4,255,574,講義棟4-17_1.3,芸術棟4-33_2.0
0,講義棟4-19,inter4,190,530,講義棟434中講義室_0.6,講義棟4-17_0.9,講義棟4-20_1.3
0,講義棟4-20,inter4,190,467,講義棟433小講義室_0.6,講義棟4-19_1.3,講義棟4-21_0.8
0,講義棟4-21,inter4,190,427,講義棟432小講義室_0.6,講義棟4-20_0.8,講義棟4-22_0.9
0,講義棟4-22,inter4,190,380,講義棟431中講義室_0.6,講義棟4-21_0.9,講義棟4-23_1.2
0,講義棟4-23,inter4,190,319,講義棟430中講義室_0.6,講義棟4-22_1.2,講義棟4-34_1.0
0,講義棟4-24,inter4,80,530,講義棟414中講義室_0.6,講義棟4-16_0.9,講義棟4-25_1.3
0,講義棟4-25,inter4,80,467,講義棟413小講義室_0.6,講義棟4-24_1.3,講義棟4-26_0.8
0,講義棟4-26,inter4,80,427,講義棟412小講義室_0.6,講義棟4-25_0.8,講義棟4-27_0.9
0,講義棟4-27,inter4,80,380,講義棟411中講義室_0.6,講義棟4-26_0.9,講義棟4-28_1.2
0,講義棟4-28,inter4,80,319,講義棟410中講義室_0.6,講義棟4-27_1.2,講義棟4-29_1.0
0,講義棟4-29,inter4,80,270,講義棟4-28_1.0,講義棟4-30_0.1
0,講義棟4-30,inter4,84,270,講義棟4-29_0.1,講義棟4-31_1.0,講義棟4-38_1.8
0,講義棟4-31,inter4,134,270,講義棟4-30_1.0,講義棟4-32_0.4,講義棟4-33_1.0
0,講義棟4-32,inter4,134,290,講義棟4-31_0.4,講義棟3-14_2.0,講義棟5-53_2.0
0,講義棟4-33,inter4,185,270,講義棟4-31_1.0,講義棟4-34_0.1,講義棟4-35_1.8
0,講義棟4-34,inter4,190,270,講義棟4-23_1.0,講義棟4-33_0.1
0,講義棟4-35,inter4,185,180,講義棟4-33_1.8,講義棟4-36_0.1
0,講義棟4-36,inter4,180,180,講義棟4-35_0.1,講義棟4-37_1.8,講義棟404講義棟_1.4
0,講義棟4-37,inter4,89,180,講義棟402講義室_1.4,講義棟4-36_1.8,講義棟4-38_0.1
0,講義棟4-38,inter4,84,180,講義棟4-30_1.8,講義棟4-37_0.1
0,講義棟4-39,inter4,89,53,講義棟402講義室_1.1,講義棟4-40_0.4
0,講義棟4-40,inter4,70,53,講義棟401資料室_0.3,講義棟4-39_0.4,講義棟4-41_0.2
0,講義棟4-41,inter4,70,43,講義棟4-40_0.2,講義棟3-25_2.0,講義棟5-80_2.0
0,講義棟4-42,inter4,180,53,講義棟404講義棟_1.1,講義棟4-43_0.3
0,講義棟4-43,inter4,197,53,講義棟403資料室_0.3,講義棟4-42_0.3,講義棟4-44_0.2
0,講義棟4-44,inter4,197,43,講義棟4-43_0.2,講義棟3-24_2.0,講義棟5-76_2.0
1,講義棟501講義室,inter5,50,53,講義棟5-79_0.4
1,講義棟502講義室,inter5,55,104,講義棟5-77_0.6
1,講義棟503講義室,inter5,206,53,講義棟5-75_0.3
1,講義棟504講義室,inter5,205,104,講義棟5-73_0.6
1,講義棟510学生ルーム,inter5,48,293,講義棟5-56_0.5
1,講義棟511学生ルーム,inter5,48,320,講義棟5-57_0.5
1,講義棟512ゼミ室,inter5,48,338,講義棟5-58_0.5
1,講義棟513院生研究室,inter5,48,365,講義棟5-59_0.5
1,講義棟514小講義室,inter5,48,403,講義棟5-60_0.5
1,講義棟515研究室,inter5,48,432,講義棟5-61_0.5
1,講義棟516ゼミ室,inter5,48,451,講義棟5-62_0.5
1,講義棟517研究室,inter5,48,470,講義棟5-63_0.5
1,講義棟518研究室,inter5,48,487,講義棟5-64_0.5
1,講義棟519ゼミ室,inter5,48,506,講義棟5-65_0.5
1,講義棟520研究室,inter5,48,524,講義棟5-66_0.5
1,講義棟521研究室,inter5,48,544,講義棟5-67_0.5
1,講義棟522ゼミ室,inter5,48,563,講義棟5-68_0.5
1,講義棟530院生研究室,inter5,207,293,講義棟5-49_0.5
1,講義棟531院生研究室,inter5,207,320,講義棟5-48_0.5
1,講義棟545院生研究室,inter5,207,338,講義棟5-47_0.5
1,講義棟546小講義室,inter5,207,365,講義棟5-46_0.5
1,講義棟532研究室,inter5,207,393,講義棟5-45_0.5
1,講義棟533ゼミ室,inter5,207,413,講義棟5-44_0.5
1,講義棟535研究室,inter5,207,432,講義棟5-43_0.5
1,講義棟536研究室,inter5,207,451,講義棟5-42_0.5
1,講義棟537ゼミ室,inter5,207,470,講義棟5-41_0.5
1,講義棟538研究室,inter5,207,487,講義棟5-40_0.5
1,講義棟539研究室,inter5,207,506,講義棟5-39_0.5
1,講義棟540ゼミ室,inter5,207,524,講義棟5-38_0.5
1,講義棟541研究室,inter5,207,544,講義棟5-37_0.5
1,講義棟542研究室,inter5,207,563,講義棟5-36_0.5
1,講義棟543ゼミ室,inter5,207,580,講義棟5-35_0.5
1,講義棟544研究室,inter5,207,600,講義棟5-34_0.5
0,講義棟5-34,inter5,181,600,講義棟544研究室_0.5,講義棟5-35_0.4
0,講義棟5-35,inter5,181,580,講義棟543ゼミ室_0.5,講義棟5-34_0.4,講義棟5-36_0.3
0,講義棟5-36,inter5,181,563,講義棟542研究室_0.5,講義棟5-35_0.3,講義棟5-37_0.4
0,講義棟5-37,inter5,181,544,講義棟541研究室_0.5,講義棟5-36_0.4,講義棟5-38_0.4
0,講義棟5-38,inter5,181,524,講義棟540ゼミ室_0.5,講義棟5-37_0.4,講義棟5-39_0.4
0,講義棟5-39,inter5,181,506,講義棟539研究室_0.5,講義棟5-38_0.4,講義棟5-40_0.4
0,講義棟5-40,inter5,181,487,講義棟538研究室_0.5,講義棟5-39_0.4,講義棟5-41_0.3
0,講義棟5-41,inter5,181,470,講義棟537ゼミ室_0.5,講義棟5-40_0.3,講義棟5-42_0.4
0,講義棟5-42,inter5,181,451,講義棟536研究室_0.5,講義棟5-41_0.4,講義棟5-43_0.4
0,講義棟5-43,inter5,181,432,講義棟535研究室_0.5,講義棟5-42_0.4,講義棟5-44_0.4
0,講義棟5-44,inter5,181,413,講義棟533ゼミ室_0.5,講義棟5-43_0.4,講義棟5-45_0.4
0,講義棟5-45,inter5,181,393,講義棟532研究室_0.5,講義棟5-44_0.4,講義棟5-46_0.6
0,講義棟5-46,inter5,181,365,講義棟546小講義室_0.5,講義棟5-45_0.6,講義棟5-47_0.5
0,講義棟5-47,inter5,181,338,講義棟545院生研究室_0.5,講義棟5-46_0.5,講義棟5-48_0.4
0,講義棟5-48,inter5,181,320,講義棟531院生研究室_0.5,講義棟5-47_0.4,講義棟5-49_0.5
0,講義棟5-49,inter5,181,293,講義棟530院生研究室_0.5,講義棟5-48_0.5,講義棟5-50_0.7
0,講義棟5-50,inter5,181,257,講義棟5-49_0.7,講義棟5-51_0.1
0,講義棟5-51,inter5,175,257,講義棟5-50_0.1,講義棟5-52_1.0,講義棟5-72_1.8
0,講義棟5-52,inter5,126,257,講義棟5-51_1.0,講義棟5-53_0.4,講義棟5-54_0.9
0,講義棟5-53,inter5,126,277,講義棟5-52_0.4,講義棟4-32_2.0,講義棟6-58_2.0
0,講義棟5-54,inter5,82,257,講義棟5-52_0.9,講義棟5-55_0.1,講義棟5-69_1.8
0,講義棟5-55,inter5,75,257,講義棟5-54_0.1,講義棟5-56_0.7
0,講義棟5-56,inter5,75,293,講義棟510学生ルーム_0.5,講義棟5-55_0.7,講義棟5-57_0.5
0,講義棟5-57,inter5,75,320,講義棟511学生ルーム_0.5,講義棟5-56_0.5,講義棟5-58_0.4
0,講義棟5-58,inter5,75,338,講義棟512ゼミ室_0.5,講義棟5-57_0.4,講義棟5-59_0.5
0,講義棟5-59,inter5,75,365,講義棟513院生研究室_0.5,講義棟5-58_0.5,講義棟5-60_0.8
0,講義棟5-60,inter5,75,403,講義棟514小講義室_0.5,講義棟5-59_0.8,講義棟5-61_0.6
0,講義棟5-61,inter5,75,432,講義棟515研究室_0.5,講義棟5-60_0.6,講義棟5-62_0.4
0,講義棟5-62,inter5,75,451,講義棟516ゼミ室_0.5,講義棟5-61_0.4,講義棟5-63_0.4
0,講義棟5-63,inter5,75,470,講義棟517研究室_0.5,講義棟5-62_0.4,講義棟5-64_0.3
0,講義棟5-64,inter5,75,487,講義棟518研究室_0.5,講義棟5-63_0.3,講義棟5-65_0.4
0,講義棟5-65,inter5,75,506,講義棟519ゼミ室_0.5,講義棟5-64_0.4,講義棟5-66_0.4
0,講義棟5-66,inter5,75,524,講義棟520研究室_0.5,講義棟5-65_0.4,講義棟5-67_0.4
0,講義棟5-67,inter5,75,544,講義棟521研究室_0.5,講義棟5-66_0.4,講義棟5-68_0.4
0,講義棟5-68,inter5,75,563,講義棟522ゼミ室_0.5,講義棟5-67_0.4
0,講義棟5-69,inter5,82,168,講義棟5-54_1.8,講義棟5-70_0.1
0,講義棟5-70,inter5,85,168,講義棟5-69_0.1,講義棟5-71_1.8,講義棟5-77_1.3
0,講義棟5-71,inter5,173,168,講義棟5-70_1.8,講義棟5-72_0.0,講義棟5-73_1.3
0,講義棟5-72,inter5,175,168,講義棟5-51_1.8,講義棟5-71_0.0
0,講義棟5-73,inter5,173,104,講義棟504講義室_0.6,講義棟5-71_1.3,講義棟5-74_1.0
0,講義棟5-74,inter5,173,53,講義棟5-73_1.0,講義棟5-75_0.3
0,講義棟5-75,inter5,190,53,講義棟503講義室_0.3,講義棟5-74_0.3,講義棟5-76_0.2
0,講義棟5-76,inter5,190,42,講義棟5-75_0.2,講義棟4-44_2.0,講義棟6-82_2.0
0,講義棟5-77,inter5,85,104,講義棟502講義室_0.6,講義棟5-70_1.3,講義棟5-78_1.0
0,講義棟5-78,inter5,85,53,講義棟5-77_1.0,講義棟5-79_0.3
0,講義棟5-79,inter5,69,53,講義棟501講義室_0.4,講義棟5-78_0.3,講義棟5-80_0.2
0,講義棟5-80,inter5,69,42,講義棟5-79_0.2,講義棟4-41_2.0,講義棟6-86_2.0
1,講義棟601講義室,inter6,46,74,講義棟6-85_0.4
1,講義棟602講義室,inter6,50,125,講義棟6-83_0.6
1,講義棟603大講義室,inter6,125,110,講義棟6-76_1.5
1,講義棟604講義室,inter6,203,74,講義棟6-81_0.4
1,講義棟605講義室,inter6,199,125,講義棟6-79_0.6
1,講義棟610印刷室,inter6,47,300,講義棟6-61_0.5
1,講義棟611院生研究室,inter6,47,320,講義棟6-62_0.5
1,講義棟612院生研究室,inter6,47,346,講義棟6-63_0.5
1,講義棟613ゼミ室,inter6,47,373,講義棟6-64_0.5
1,講義棟621研究室,inter6,47,393,講義棟6-65_0.5
1,講義棟614研究室,inter6,47,448,講義棟6-67_0.5
1,講義棟615ゼミ室,inter6,47,466,講義棟6-68_0.5
1,講義棟616研究室,inter6,47,484,講義棟6-69_0.5
1,講義棟617研究室,inter6,47,504,講義棟6-70_0.5
1,講義棟618ゼミ室,inter6,47,522,講義棟6-71_0.5
1,講義棟619研究室,inter6,47,540,講義棟6-72_0.5
1,講義棟620共同研究室,inter6,47,660,講義棟6-73_0.5
1,講義棟630研究室,inter6,201,300,講義棟6-54_0.5
1,講義棟631ゼミ室,inter6,201,320,講義棟6-53_0.5
1,講義棟632研究室,inter6,201,336,講義棟6-52_0.5
1,講義棟633研究室,inter6,201,354,講義棟6-51_0.5
1,講義棟646ゼミ室,inter6,201,373,講義棟6-50_0.5
1,講義棟647研究室,inter6,201,393,講義棟6-49_0.5
1,講義棟634研究室,inter6,201,448,講義棟6-47_0.5
1,講義棟635ゼミ室,inter6,201,466,講義棟6-46_0.5
1,講義棟636研究室,inter6,201,484,講義棟6-45_0.5
1,講義棟637研究室,inter6,201,504,講義棟6-44_0.5
1,講義棟638ゼミ室,inter6,201,522,講義棟6-43_0.5
1,講義棟639研究室,inter6,201,540,講義棟6-42_0.5
1,講義棟640研究室,inter6,201,596,講義棟6-41_0.5
1,講義棟641ゼミ室,inter6,201,614,講義棟6-40_0.5
1,講義棟642研究室,inter6,201,632,講義棟6-39_0.5
1,講義棟643研究室,inter6,201,650,講義棟6-38_0.5
1,講義棟644ゼミ室,inter6,201,670,講義棟6-37_0.5
1,講義棟645研究室,inter6,201,687,講義棟6-36_0.5
0,講義棟6-36,inter6,176,687,講義棟645研究室_0.5,講義棟6-37_0.3
0,講義棟6-37,inter6,176,670,講義棟644ゼミ室_0.5,講義棟6-36_0.3,講義棟6-38_0.4
0,講義棟6-38,inter6,176,650,講義棟643研究室_0.5,講義棟6-37_0.4,講義棟6-39_0.4
0,講義棟6-39,inter6,176,632,講義棟642研究室_0.5,講義棟6-38_0.4,講義棟6-40_0.4
0,講義棟6-40,inter6,176,614,講義棟641ゼミ室_0.5,講義棟6-39_0.4,講義棟6-41_0.4
0,講義棟6-41,inter6,176,596,講義棟640研究室_0.5,講義棟6-40_0.4,講義棟6-42_1.1
0,講義棟6-42,inter6,176,540,講義棟639研究室_0.5,講義棟6-41_1.1,講義棟6-43_0.4
0,講義棟6-43,inter6,176,522,講義棟638ゼミ室_0.5,講義棟6-42_0.4,講義棟6-44_0.4
0,講義棟6-44,inter6,176,504,講義棟637研究室_0.5,講義棟6-43_0.4,講義棟6-45_0.4
0,講義棟6-45,inter6,176,484,講義棟636研究室_0.5,講義棟6-44_0.4,講義棟6-46_0.4
0,講義棟6-46,inter6,176,466,講義棟635ゼミ室_0.5,講義棟6-45_0.4,講義棟6-47_0.4
0,講義棟6-47,inter6,176,448,講義棟634研究室_0.5,講義棟6-46_0.4,講義棟6-48_0.5
0,講義棟6-48,inter6,176,421,講義棟6-47_0.5,講義棟6-49_0.6,講義棟6-66_2.1
0,講義棟6-49,inter6,176,393,講義棟647研究室_0.5,講義棟6-48_0.6,講義棟6-50_0.4
0,講義棟6-50,inter6,176,373,講義棟646ゼミ室_0.5,講義棟6-49_0.4,講義棟6-51_0.4
0,講義棟6-51,inter6,176,354,講義棟633研究室_0.5,講義棟6-50_0.4,講義棟6-52_0.4
0,講義棟6-52,inter6,176,336,講義棟632研究室_0.5,講義棟6-51_0.4,講義棟6-53_0.3
0,講義棟6-53,inter6,176,320,講義棟631ゼミ室_0.5,講義棟6-52_0.3,講義棟6-54_0.4
0,講義棟6-54,inter6,176,300,講義棟630研究室_0.5,講義棟6-53_0.4,講義棟6-55_0.6
0,講義棟6-55,inter6,176,272,講義棟6-54_0.6,講義棟6-56_0.1
0,講義棟6-56,inter6,172,272,講義棟6-55_0.1,講義棟6-57_1.0,講義棟6-78_1.7
0,講義棟6-57,inter6,124,272,講義棟6-56_1.0,講義棟6-58_0.4,講義棟6-59_0.9
0,講義棟6-58,inter6,124,293,講義棟6-57_0.4,講義棟5-53_2.0,講義棟7-59_2.0
0,講義棟6-59,inter6,80,272,講義棟6-57_0.9,講義棟6-60_0.1,講義棟6-74_1.7
0,講義棟6-60,inter6,73,272,講義棟6-59_0.1,講義棟6-61_0.6
0,講義棟6-61,inter6,73,300,講義棟610印刷室_0.5,講義棟6-60_0.6,講義棟6-62_0.4
0,講義棟6-62,inter6,73,320,講義棟611院生研究室_0.5,講義棟6-61_0.4,講義棟6-63_0.5
0,講義棟6-63,inter6,73,346,講義棟612院生研究室_0.5,講義棟6-62_0.5,講義棟6-64_0.5
0,講義棟6-64,inter6,73,373,講義棟613ゼミ室_0.5,講義棟6-63_0.5,講義棟6-65_0.4
0,講義棟6-65,inter6,73,393,講義棟621研究室_0.5,講義棟6-64_0.4,講義棟6-66_0.6
0,講義棟6-66,inter6,73,421,講義棟6-65_0.6,講義棟6-67_0.5,講義棟6-48_2.1
0,講義棟6-67,inter6,73,448,講義棟614研究室_0.5,講義棟6-66_0.5,講義棟6-68_0.4
0,講義棟6-68,inter6,73,466,講義棟615ゼミ室_0.5,講義棟6-67_0.4,講義棟6-69_0.4
0,講義棟6-69,inter6,73,484,講義棟616研究室_0.5,講義棟6-68_0.4,講義棟6-70_0.4
0,講義棟6-70,inter6,73,504,講義棟617研究室_0.5,講義棟6-69_0.4,講義棟6-71_0.4
0,講義棟6-71,inter6,73,522,講義棟618ゼミ室_0.5,講義棟6-70_0.4,講義棟6-72_0.4
0,講義棟6-72,inter6,73,540,講義棟619研究室_0.5,講義棟6-71_0.4,講義棟6-73_2.4
0,講義棟6-73,inter6,73,660,講義棟620共同研究室_0.5,講義棟6-72_2.4
0,講義棟6-74,inter6,80,186,講義棟6-59_1.7,講義棟6-75_0.0
0,講義棟6-75,inter6,82,186,講義棟6-74_0.0,講義棟6-76_0.9,講義棟6-83_1.2
0,講義棟6-76,inter6,125,186,講義棟603大講義室_1.5,講義棟6-75_0.9,講義棟6-77_0.8
0,講義棟6-77,inter6,167,186,講義棟6-76_0.8,講義棟6-78_0.1,講義棟6-79_1.2
0,講義棟6-78,inter6,172,186,講義棟6-77_0.1,講義棟6-56_1.7
0,講義棟6-79,inter6,167,125,講義棟605講義室_0.6,講義棟6-77_1.2,講義棟6-80_1.0
0,講義棟6-80,inter6,167,74,講義棟6-79_1.0,講義棟6-81_0.3
0,講義棟6-81,inter6,184,74,講義棟604講義室_0.4,講義棟6-80_0.3,講義棟6-82_0.2
0,講義棟6-82,inter6,184,63,講義棟6-81_0.2,講義棟5-76_2.0,講義棟7-83_2.0
0,講義棟6-83,inter6,82,125,講義棟602講義室_0.6,講義棟6-75_1.2,講義棟6-84_1.0
0,講義棟6-84,inter6,82,74,講義棟6-83_1.0,講義棟6-85_0.3
0,講義棟6-85,inter6,66,74,講義棟601講義室_0.4,講義棟6-84_0.3,講義棟6-86_0.2
0,講義棟6-86,inter6,66,63,講義棟6-85_0.2,講義棟5-80_2.0,講義棟7-54_2.0
1,講義棟701講義室,inter7,44,72,講義棟7-86_0.5
1,講義棟702講義室,inter7,54,125,講義棟7-84_0.6
1,講義棟703講義室,inter7,207,74,講義棟7-82_0.4
1,講義棟704講義室,inter7,200,125,講義棟7-80_0.6
1,講義棟710院生研究室,inter7,50,308,講義棟7-62_0.5
1,講義棟711院生研究室,inter7,50,343,講義棟7-63_0.5
1,講義棟712院生研究室,inter7,50,382,講義棟7-64_0.5
1,講義棟715研究室,inter7,50,446,講義棟7-65_0.5
1,講義棟716ゼミ室,inter7,50,464,講義棟7-66_0.5
1,講義棟717研究室,inter7,50,483,講義棟7-67_0.5
1,講義棟718研究室,inter7,50,502,講義棟7-68_0.5
1,講義棟719ゼミ室,inter7,50,520,講義棟7-69_0.5
1,講義棟720研究室,inter7,50,539,講義棟7-70_0.5
1,講義棟721ゼミ室,inter7,50,631,講義棟7-72_0.5
1,講義棟722研究室,inter7,50,651,講義棟7-73_0.5
1,講義棟723研究室,inter7,50,668,講義棟7-74_0.5
1,講義棟724研究室,inter7,50,687,講義棟7-75_0.5
1,講義棟730A研究室,inter7,205,300,講義棟7-55_0.5
1,講義棟730Bゼミ室,inter7,205,317,講義棟7-53_0.5
1,講義棟731研究室,inter7,205,336,講義棟7-52_0.5
1,講義棟732研究室,inter7,205,354,講義棟7-51_0.5
1,講義棟733ゼミ室,inter7,205,373,講義棟7-50_0.5
1,講義棟734研究室,inter7,205,391,講義棟7-49_0.5
1,講義棟735研究室,inter7,205,446,講義棟7-48_0.5
1,講義棟736ゼミ室,inter7,205,464,講義棟7-47_0.5
1,講義棟737研究室,inter7,205,483,講義棟7-46_0.5
1,講義棟738研究室,inter7,205,502,講義棟7-45_0.5
1,講義棟739ゼミ室,inter7,205,520,講義棟7-44_0.5
1,講義棟740研究室,inter7,205,539,講義棟7-43_0.5
1,講義棟741研究室,inter7,205,594,講義棟7-41_0.5
1,講義棟742ゼミ室,inter7,205,612,講義棟7-40_0.5
1,講義棟743研究室,inter7,205,633,講義棟7-39_0.5
1,講義棟744研究室,inter7,205,651,講義棟7-38_0.5
1,講義棟745ゼミ室,inter7,205,668,講義棟7-37_0.5
1,講義棟746研究室,inter7,205,687,講義棟7-36_0.5
0,講義棟7-36,inter7,180,687,講義棟746研究室_0.5,講義棟7-37_0.4
0,講義棟7-37,inter7,180,668,講義棟745ゼミ室_0.5,講義棟7-36_0.4,講義棟7-38_0.3
0,講義棟7-38,inter7,180,651,講義棟744研究室_0.5,講義棟7-37_0.3,講義棟7-39_0.4
0,講義棟7-39,inter7,180,631,講義棟743研究室_0.5,講義棟7-38_0.4,講義棟7-40_0.4
0,講義棟7-40,inter7,180,612,講義棟742ゼミ室_0.5,講義棟7-39_0.4,講義棟7-41_0.4
0,講義棟7-41,inter7,180,594,講義棟741研究室_0.5,講義棟7-40_0.4,講義棟7-42_0.5
0,講義棟7-42,inter7,180,568,講義棟7-41_0.5,講義棟7-43_0.6,講義棟7-71_2.1
0,講義棟7-43,inter7,180,539,講義棟740研究室_0.5,講義棟7-42_0.6,講義棟7-44_0.4
0,講義棟7-44,inter7,180,520,講義棟739ゼミ室_0.5,講義棟7-43_0.4,講義棟7-45_0.4
0,講義棟7-45,inter7,180,502,講義棟738研究室_0.5,講義棟7-44_0.4,講義棟7-46_0.4
0,講義棟7-46,inter7,180,483,講義棟737研究室_0.5,講義棟7-45_0.4,講義棟7-47_0.4
0,講義棟7-47,inter7,180,464,講義棟736ゼミ室_0.5,講義棟7-46_0.4,講義棟7-48_0.4
0,講義棟7-48,inter7,180,446,講義棟735研究室_0.5,講義棟7-47_0.4,講義棟7-49_1.1
0,講義棟7-49,inter7,180,391,講義棟734研究室_0.5,講義棟7-48_1.1,講義棟7-50_0.4
0,講義棟7-50,inter7,180,373,講義棟733ゼミ室_0.5,講義棟7-49_0.4,講義棟7-51_0.4
0,講義棟7-51,inter7,180,354,講義棟732研究室_0.5,講義棟7-50_0.4,講義棟7-52_0.4
0,講義棟7-52,inter7,180,336,講義棟731研究室_0.5,講義棟7-51_0.4,講義棟7-53_0.4
0,講義棟7-53,inter7,180,317,講義棟730Bゼミ室_0.5,講義棟7-52_0.4,講義棟7-55_0.3
0,講義棟7-54,inter7,69,66,講義棟7-86_0.1,講義棟6-86_2.0
0,講義棟7-55,inter7,180,300,講義棟730A研究室_0.5,講義棟7-53_0.3,講義棟7-56_0.6
0,講義棟7-56,inter7,180,270,講義棟7-55_0.6,講義棟7-57_0.1
0,講義棟7-57,inter7,173,270,講義棟7-56_0.1,講義棟7-58_0.9,講義棟7-79_1.8
0,講義棟7-58,inter7,128,270,講義棟7-57_0.9,講義棟7-59_0.4,講義棟7-60_0.9
0,講義棟7-59,inter7,128,291,講義棟7-58_0.4,講義棟6-58_2.0
0,講義棟7-60,inter7,82,270,講義棟7-58_0.9,講義棟7-61_0.1,講義棟7-76_1.8
0,講義棟7-61,inter7,76,270,講義棟7-60_0.1,講義棟7-62_0.8
0,講義棟7-62,inter7,76,308,講義棟710院生研究室_0.5,講義棟7-61_0.8,講義棟7-63_0.7
0,講義棟7-63,inter7,76,343,講義棟711院生研究室_0.5,講義棟7-62_0.7,講義棟7-64_0.8
0,講義棟7-64,inter7,76,382,講義棟712院生研究室_0.5,講義棟7-63_0.8,講義棟7-65_1.3
0,講義棟7-65,inter7,76,446,講義棟715研究室_0.5,講義棟7-64_1.3,講義棟7-66_0.4
0,講義棟7-66,inter7,76,464,講義棟716ゼミ室_0.5,講義棟7-65_0.4,講義棟7-67_0.4
0,講義棟7-67,inter7,76,483,講義棟717研究室_0.5,講義棟7-66_0.4,講義棟7-68_0.4
0,講義棟7-68,inter7,76,502,講義棟718研究室_0.5,講義棟7-67_0.4,講義棟7-69_0.4
0,講義棟7-69,inter7,76,520,講義棟719ゼミ室_0.5,講義棟7-68_0.4,講義棟7-70_0.4
0,講義棟7-70,inter7,76,539,講義棟720研究室_0.5,講義棟7-69_0.4,講義棟7-71_0.6
0,講義棟7-71,inter7,76,568,講義棟7-42_2.1,講義棟7-70_0.6,講義棟7-72_1.3
0,講義棟7-72,inter7,76,631,講義棟721ゼミ室_0.5,講義棟7-71_1.3,講義棟7-73_0.4
0,講義棟7-73,inter7,76,651,講義棟722研究室_0.5,講義棟7-72_0.4,講義棟7-74_0.3
0,講義棟7-74,inter7,76,668,講義棟723研究室_0.5,講義棟7-73_0.3,講義棟7-75_0.4
0,講義棟7-75,inter7,76,687,講義棟724研究室_0.5,講義棟7-74_0.4
0,講義棟7-76,inter7,82,182,講義棟7-60_1.8,講義棟7-77_0.1
0,講義棟7-77,inter7,86,182,講義棟7-76_0.1,講義棟7-78_1.7,講義棟7-84_1.1
0,講義棟7-78,inter7,170,182,講義棟7-77_1.7,講義棟7-79_0.1,講義棟7-80_1.1
0,講義棟7-79,inter7,173,182,講義棟7-57_1.8,講義棟7-78_0.1
0,講義棟7-80,inter7,170,125,講義棟704講義室_0.6,講義棟7-78_1.1,講義棟7-81_1.0
0,講義棟7-81,inter7,170,74,講義棟7-80_1.0,講義棟7-82_0.3
0,講義棟7-82,inter7,187,74,講義棟703講義室_0.4,講義棟7-81_0.3,講義棟7-83_0.2
0,講義棟7-83,inter7,187,62,講義棟7-82_0.2,講義棟6-82_2.0
0,講義棟7-84,inter7,86,125,講義棟702講義室_0.6,講義棟7-77_1.1,講義棟7-85_1.1
0,講義棟7-85,inter7,86,72,講義棟7-84_1.1,講義棟7-86_0.3
0,講義棟7-86,inter7,69,72,講義棟701講義室_0.5,講義棟7-85_0.3,講義棟7-54_0.1
1,芸術棟210石膏室,art2,75,272,芸術棟2-19_0.6
1,芸術棟220平面・立体工房,art2,131,272,芸術棟2-19_0.5
1,芸術棟フレスコ室,art2,104,363,芸術棟2-19_1.8
1,芸術棟230アートシアター,art2,239,242,芸術棟2-14_0.6
1,芸術棟フォトスタジオ室,art2,239,303,芸術棟2-12_0.6
1,芸術棟231進路室,art2,239,330,芸術棟2-10_0.6
1,芸術棟240会議室,art2,294,242,芸術棟2-14_0.5
1,芸術棟241芸術学部分室,art2,294,281,芸術棟2-13_0.5
1,芸術棟242芸術学部長質,art2,294,320,芸術棟2-11_0.5
0,芸術棟2-10,art2,267,330,芸術棟231進路室_0.6,芸術棟2-11_0.2
0,芸術棟2-11,art2,267,320,芸術棟242芸術学部長質_0.5,芸術棟2-10_0.2,芸術棟2-12_0.3
0,芸術棟2-12,art2,267,303,芸術棟フォトスタジオ室_0.6,芸術棟2-11_0.3,芸術棟2-13_0.4
0,芸術棟2-13,art2,267,281,芸術棟241芸術学部分室_0.5,芸術棟2-12_0.4,芸術棟2-14_0.8
0,芸術棟2-14,art2,267,242,芸術棟230アートシアター_0.6,芸術棟240会議室_0.5,芸術棟2-13_0.8,芸術棟2-15_0.7
0,芸術棟2-15,art2,267,209,芸術棟2-14_0.7,芸術棟2-16_1.6
0,芸術棟2-16,art2,185,209,芸術棟2-15_1.6,芸術棟2-17_0.3,芸術棟2-18_1.6,芸術棟2-20_1.2
0,芸術棟2-17,art2,185,226,芸術棟2-16_0.3,芸術棟3-39_2.0
0,芸術棟2-18,art2,104,209,芸術棟2-16_1.6,芸術棟2-19_1.3
0,芸術棟2-19,art2,104,272,芸術棟210石膏室_0.6,芸術棟220平面・立体工房_0.5,芸術棟フレスコ室_1.8,芸術棟2-18_1.3
0,芸術棟2-20,art2,185,150,芸術棟2-16_1.2,芸術棟2-21_1.8,芸術棟2-22_0.9
0,芸術棟2-21,art2,93,150,芸術棟2-20_1.8,講義棟2-14_2.0
0,芸術棟2-22,art2,185,103,芸術棟2-20_0.9,芸術棟2-24_0.8,芸術棟2-23_0.8,芸術棟2-25_0.7
0,芸術棟2-23,art2,144,103,芸術棟2-22_0.8,芸術棟3-55_2.0
0,芸術棟2-24,art2,227,103,芸術棟2-22_0.8,芸術棟3-58_2.0
0,芸術棟2-25,art2,185,68,芸術棟2-22_0.7,講義棟1-6_2.0
1,芸術棟301演習室,art3,195,56,芸術棟ゼミ室_0.5,芸術棟3-57_1.0
1,芸術棟ゼミ室,art3,219,56,芸術棟301演習室_0.5
1,芸術棟310デザイン工芸実習室1,art3,60,273,芸術棟3-43_0.6
1,芸術棟311教材室,art3,60,445,芸術棟3-47_0.6
1,芸術棟320研究室,art3,115,233,芸術棟3-41_0.5
1,芸術棟321研究室,art3,115,253,芸術棟3-42_0.5
1,芸術棟322研究室,art3,115,273,芸術棟3-43_0.5
1,芸術棟323研究室,art3,115,292,芸術棟3-44_0.5
1,芸術棟324研究室,art3,115,312,芸術棟3-45_0.5
1,芸術棟325研究室,art3,115,332,芸術棟3-46_0.5
1,芸術棟326デザイン工芸実習室2,art3,115,445,芸術棟3-47_0.5
1,芸術棟330コンピュータルーム,art3,222,233,芸術棟3-36_0.5
1,芸術棟331準備室,art3,222,312,芸術棟3-32_0.5
1,芸術棟332研究室,art3,222,332,芸術棟3-31_0.5
1,芸術棟333共同研究室,art3,222,391,芸術棟3-30_0.5
1,芸術棟334アニメーションスタジオ,art3,222,460,芸術棟3-28_0.5
1,芸術棟340研究室,art3,277,233,芸術棟3-36_0.6
1,芸術棟341研究室,art3,277,253,芸術棟3-35_0.6
1,芸術棟342研究室,art3,277,273,芸術棟3-34_0.6
1,芸術棟343研究室,art3,277,292,芸術棟3-33_0.6
1,芸術棟344研究室,art3,277,312,芸術棟3-32_0.6
1,芸術棟345研究室,art3,277,332,芸術棟3-31_0.6
1,芸術棟346研究室,art3,277,391,芸術棟3-30_0.6
1,芸術棟347研究室,art3,277,410,芸術棟3-29_0.6
1,芸術棟348デザイン工芸実習室3,art3,277,460,芸術棟3-28_0.6
0,芸術棟3-26,art3,234,507,芸術棟3-27_0.3,芸術棟4-51_2.0
0,芸術棟3-27,art3,249,507,芸術棟3-26_0.3,芸術棟3-28_0.9
0,芸術棟3-28,art3,249,460,芸術棟334アニメーションスタジオ_0.5,芸術棟348デザイン工芸実習室3_0.6,芸術棟3-27_0.9,芸術棟3-29_1.0
0,芸術棟3-29,art3,249,410,芸術棟347研究室_0.6,芸術棟3-28_1.0,芸術棟3-30_0.4
0,芸術棟3-30,art3,249,391,芸術棟333共同研究室_0.5,芸術棟346研究室_0.6,芸術棟3-29_0.4,芸術棟3-31_1.2
0,芸術棟3-31,art3,249,332,芸術棟332研究室_0.5,芸術棟345研究室_0.6,芸術棟3-30_1.2,芸術棟3-32_0.4
0,芸術棟3-32,art3,249,312,芸術棟331準備室_0.5,芸術棟344研究室_0.6,芸術棟3-31_0.4,芸術棟3-33_0.4
0,芸術棟3-33,art3,249,292,芸術棟343研究室_0.6,芸術棟3-32_0.4,芸術棟3-34_0.4
0,芸術棟3-34,art3,249,273,芸術棟342研究室_0.6,芸術棟3-33_0.4,芸術棟3-35_0.4
0,芸術棟3-35,art3,249,253,芸術棟341研究室_0.6,芸術棟3-34_0.4,芸術棟3-36_0.4
0,芸術棟3-36,art3,249,233,芸術棟330コンピュータルーム_0.5,芸術棟340研究室_0.6,芸術棟3-35_0.4,芸術棟3-37_0.5
0,芸術棟3-37,art3,249,210,芸術棟3-36_0.5,芸術棟3-38_1.6
0,芸術棟3-38,art3,169,210,芸術棟3-37_1.6,芸術棟3-39_0.3,芸術棟3-40_1.6,芸術棟3-50_1.1
0,芸術棟3-39,art3,169,227,芸術棟3-38_0.3,芸術棟2-17_2.0,芸術棟4-43_2.0
0,芸術棟3-40,art3,88,210,芸術棟3-38_1.6,芸術棟3-41_0.5
0,芸術棟3-41,art3,88,233,芸術棟320研究室_0.5,芸術棟3-40_0.5,芸術棟3-42_0.4
0,芸術棟3-42,art3,88,253,芸術棟321研究室_0.5,芸術棟3-41_0.4,芸術棟3-43_0.4
0,芸術棟3-43,art3,88,273,芸術棟310デザイン工芸実習室1_0.6,芸術棟322研究室_0.5,芸術棟3-42_0.4,芸術棟3-44_0.4
0,芸術棟3-44,art3,88,292,芸術棟323研究室_0.5,芸術棟3-43_0.4,芸術棟3-45_0.4
0,芸術棟3-45,art3,88,312,芸術棟324研究室_0.5,芸術棟3-44_0.4,芸術棟3-46_0.4
0,芸術棟3-46,art3,88,332,芸術棟325研究室_0.5,芸術棟3-45_0.4,芸術棟3-47_2.3
0,芸術棟3-47,art3,88,445,芸術棟311教材室_0.6,芸術棟326デザイン工芸実習室2_0.5,芸術棟3-46_2.3,芸術棟3-48_1.2
0,芸術棟3-48,art3,88,507,芸術棟3-47_1.2,芸術棟3-49_0.3
0,芸術棟3-49,art3,102,507,芸術棟3-48_0.3,芸術棟4-34_2.0
0,芸術棟3-50,art3,169,154,芸術棟3-38_1.1,芸術棟3-51_1.4,芸術棟3-52_0.8
0,芸術棟3-51,art3,97,154,芸術棟3-50_1.4,講義棟3-3_2.0
0,芸術棟3-52,art3,169,113,芸術棟3-50_0.8,芸術棟3-53_0.5,芸術棟3-56_0.5
0,芸術棟3-53,art3,143,113,芸術棟3-52_0.5,芸術棟3-54_0.2
0,芸術棟3-54,art3,143,104,芸術棟3-53_0.2,芸術棟3-55_0.3
0,芸術棟3-55,art3,126,104,芸術棟3-54_0.3,芸術棟2-23_2.0,芸術棟4-57_2.0
0,芸術棟3-56,art3,195,113,芸術棟3-52_0.5,芸術棟3-57_0.2
0,芸術棟3-57,art3,195,104,芸術棟301演習室_1.0,芸術棟3-56_0.2,芸術棟3-58_0.3
0,芸術棟3-58,art3,211,104,芸術棟3-57_0.3,芸術棟2-24_2.0,芸術棟4-52_2.0
1,芸術棟401収蔵庫,art4,166,75,芸術棟4-53_0.8
1,芸術棟410デザイン工芸実習室3A,art4,30,277,芸術棟4-40_0.6
1,芸術棟411実習準備室1,art4,30,335,芸術棟4-39_0.6
1,芸術棟412日本画アトリエ4,art4,30,415,芸術棟4-38_0.6
1,芸術棟420デザイン工芸実習室3B,art4,86,277,芸術棟4-40_0.5
1,芸術棟421実習準備室2,art4,86,335,芸術棟4-39_0.5
1,芸術棟422模写室,art4,86,415,芸術棟4-38_0.5
1,芸術棟423日本画アトリエ5,art4,86,454,芸術棟4-37_0.5
1,芸術棟424日本画アトリエ6,art4,86,494,芸術棟4-36_0.5
1,芸術棟430デザイン工芸実習室4A,art4,192,277,芸術棟4-45_0.6
1,芸術棟431国際交流室,art4,192,335,芸術棟4-46_0.6
1,芸術棟432彫刻アトリエ5,art4,192,415,芸術棟4-47_0.6
1,芸術棟433彫刻大学院2,art4,192,454,芸術棟4-48_0.6
1,芸術棟434彫刻大学院1,art4,192,494,芸術棟4-49_0.6
1,芸術棟440デザイン工芸実習室4B,art4,248,277,芸術棟4-45_0.6
1,芸術棟441実習準備室4,art4,248,335,芸術棟4-46_0.6
1,芸術棟442多目的アトリエ2,art4,248,415,芸術棟4-47_0.6
1,芸術棟443彫刻大学院,art4,248,454,芸術棟4-48_0.6
1,芸術棟444彫刻アトリエ,art4,248,494,芸術棟4-49_0.6
1,芸術棟4503Dスタジオ,art4,38,600,芸術棟4-32_0.4
1,芸術棟451版画工房,art4,122,656,芸術棟4-30_1.7
1,芸術棟454染工房,art4,220,610,芸術棟染料調合室_0.6,芸術棟4-28_0.8,芸術棟4-29_0.8
1,芸術棟染料調合室,art4,190,610,芸術棟454染工房_0.6
1,芸術棟プリンティングシステム室,art4,190,650,芸術棟4-28_0.6
1,芸術棟図案室,art4,220,691,芸術棟4-28_0.8
1,芸術棟染準備室,art4,254,691,芸術棟4-27_0.8
0,芸術棟4-27,art4,254,650,芸術棟染準備室_0.8,芸術棟4-28_0.7
0,芸術棟4-28,art4,220,650,芸術棟454染工房_0.8,芸術棟プリンティングシステム室_0.6,芸術棟図案室_0.8,芸術棟4-27_0.7
0,芸術棟4-29,art4,220,570,芸術棟454染工房_0.8,芸術棟4-30_2.0,芸術棟4-50_1.0
0,芸術棟4-30,art4,122,570,芸術棟451版画工房_1.7,芸術棟4-29_2.0,芸術棟4-31_1.3
0,芸術棟4-31,art4,59,570,芸術棟4-30_1.3,芸術棟4-32_0.6,芸術棟4-33_1.4,芸術棟4-35_1.0
0,芸術棟4-32,art4,59,600,芸術棟4503Dスタジオ_0.4,芸術棟4-31_0.6
0,芸術棟4-33,art4,-10,570,芸術棟4-31_1.4,講義棟4-18_2.0
0,芸術棟4-34,art4,75,520,芸術棟4-35_0.3,芸術棟3-49_2.0,芸術棟5-57_2.0
0,芸術棟4-35,art4,59,520,芸術棟4-31_1.0,芸術棟4-34_0.3,芸術棟4-36_0.5
0,芸術棟4-36,art4,59,494,芸術棟424日本画アトリエ6_0.5,芸術棟4-35_0.5,芸術棟4-37_0.8
0,芸術棟4-37,art4,59,454,芸術棟423日本画アトリエ5_0.5,芸術棟4-36_0.8,芸術棟4-38_0.8
0,芸術棟4-38,art4,59,415,芸術棟412日本画アトリエ4_0.6,芸術棟422模写室_0.5,芸術棟4-37_0.8,芸術棟4-39_1.6
0,芸術棟4-39,art4,59,335,芸術棟411実習準備室1_0.6,芸術棟421実習準備室2_0.5,芸術棟4-38_1.6,芸術棟4-40_1.2
0,芸術棟4-40,art4,59,277,芸術棟410デザイン工芸実習室3A_0.6,芸術棟420デザイン工芸実習室3B_0.5,芸術棟4-39_1.2,芸術棟4-41_1.1
0,芸術棟4-41,art4,59,224,芸術棟4-40_1.1,芸術棟4-42_1.6
0,芸術棟4-42,art4,140,224,芸術棟4-41_1.6,芸術棟4-43_0.3,芸術棟4-44_1.6
0,芸術棟4-43,art4,140,239,芸術棟4-42_0.3,芸術棟3-39_2.0,芸術棟5-45_2.0
0,芸術棟4-44,art4,220,224,芸術棟4-42_1.6,芸術棟4-45_1.1
0,芸術棟4-45,art4,220,277,芸術棟430デザイン工芸実習室4A_0.6,芸術棟440デザイン工芸実習室4B_0.6,芸術棟4-44_1.1,芸術棟4-46_1.2
0,芸術棟4-46,art4,220,335,芸術棟431国際交流室_0.6,芸術棟441実習準備室4_0.6,芸術棟4-45_1.2,芸術棟4-47_1.6
0,芸術棟4-47,art4,220,415,芸術棟432彫刻アトリエ5_0.6,芸術棟442多目的アトリエ2_0.6,芸術棟4-46_1.6,芸術棟4-48_0.8
0,芸術棟4-48,art4,220,454,芸術棟433彫刻大学院2_0.6,芸術棟443彫刻大学院_0.6,芸術棟4-47_0.8,芸術棟4-49_0.8
0,芸術棟4-49,art4,220,494,芸術棟434彫刻大学院1_0.6,芸術棟444彫刻アトリエ_0.6,芸術棟4-48_0.8,芸術棟4-50_0.5
0,芸術棟4-50,art4,220,520,芸術棟4-29_1.0,芸術棟4-49_0.5,芸術棟4-51_0.3
0,芸術棟4-51,art4,203,520,芸術棟4-50_0.3,芸術棟3-26_2.0,芸術棟5-33_2.0
0,芸術棟4-52,art4,182,117,芸術棟4-53_0.3,芸術棟3-58_2.0,芸術棟5-65_2.0
0,芸術棟4-53,art4,166,117,芸術棟401収蔵庫_0.8,芸術棟4-52_0.3,芸術棟4-54_0.2
0,芸術棟4-54,art4,166,127,芸術棟4-53_0.2,芸術棟4-55_1.0
0,芸術棟4-55,art4,114,127,芸術棟4-54_1.0,芸術棟4-56_0.2
0,芸術棟4-56,art4,114,118,芸術棟4-55_0.2,芸術棟4-57_0.3
0,芸術棟4-57,art4,97,118,芸術棟4-56_0.3,芸術棟3-55_2.0,芸術棟5-62_2.0
1,芸術棟501展示室,art5,170,64,芸術棟502準備室_0.4,芸術棟5-66_0.6
1,芸術棟502準備室,art5,188,64,芸術棟501展示室_0.4
1,芸術棟510日本画アトリエ1,art5,35,280,芸術棟5-48_0.5
1,芸術棟511日本画アトリエ2,art5,35,318,芸術棟5-50_0.5
1,芸術棟512日本画アトリエ3,art5,35,428,芸術棟5-53_0.5
1,芸術棟513デッサン室,art5,35,507,芸術棟5-55_0.5
1,芸術棟520研究室,art5,89,259,芸術棟5-47_0.5
1,芸術棟521研究室,art5,89,280,芸術棟5-48_0.5
1,芸術棟522研究室,art5,89,298,芸術棟5-49_0.5
1,芸術棟523研究室,art5,89,318,芸術棟5-50_0.5
1,芸術棟524研究室,art5,89,350,芸術棟5-51_0.5
1,芸術棟525共同研究室,art5,89,428,芸術棟5-53_0.5
1,芸術棟526研究室,art5,89,468,芸術棟5-54_0.5
1,芸術棟527研究室,art5,89,507,芸術棟5-55_0.5
1,芸術棟530彫刻アトリエ1,art5,197,280,芸術棟5-41_0.5
1,芸術棟531彫刻アトリエ2,art5,197,318,芸術棟5-39_0.5
1,芸術棟532資料室,art5,197,417,芸術棟5-36_0.5
1,芸術棟533彫刻アトリエ4,art5,197,488,芸術棟5-34_0.5
1,芸術棟540研究室,art5,250,259,芸術棟5-42_0.5
1,芸術棟541研究室,art5,250,280,芸術棟5-41_0.5
1,芸術棟542研究室,art5,250,298,芸術棟5-40_0.5
1,芸術棟543研究室,art5,250,318,芸術棟5-39_0.5
1,芸術棟544共同研究室,art5,250,350,芸術棟5-38_0.5
1,芸術棟545研究室,art5,250,417,芸術棟5-36_0.5
1,芸術棟546研究室,art5,250,435,芸術棟5-35_0.5
1,芸術棟547彫刻アトリエ3,art5,250,488,芸術棟5-34_0.5
1,芸術棟550VCデザインスタジオ,art5,62,637,芸術棟5-58_0.6
1,芸術棟551CA+Tラボラトリー,art5,89,608,芸術棟5-58_0.5
1,芸術棟552漆工室,art5,202,608,芸術棟5-31_0.4
1,芸術棟553織工房,art5,223,637,芸術棟5-31_0.6
0,芸術棟5-31,art5,223,608,芸術棟552漆工室_0.4,芸術棟553織工房_0.6,芸術棟5-32_1.5
0,芸術棟5-32,art5,223,532,芸術棟5-31_1.5,芸術棟5-33_0.3,芸術棟5-34_0.9
0,芸術棟5-33,art5,207,532,芸術棟5-32_0.3,芸術棟4-51_2.0,芸術棟6-21_2.0
0,芸術棟5-34,art5,223,488,芸術棟533彫刻アトリエ4_0.5,芸術棟547彫刻アトリエ3_0.5,芸術棟5-32_0.9,芸術棟5-35_1.1
0,芸術棟5-35,art5,223,435,芸術棟546研究室_0.5,芸術棟5-34_1.1,芸術棟5-36_0.4
0,芸術棟5-36,art5,223,417,芸術棟532資料室_0.5,芸術棟545研究室_0.5,芸術棟5-35_0.4,芸術棟5-37_0.6
0,芸術棟5-37,art5,223,389,芸術棟5-36_0.6,芸術棟5-38_0.8,芸術棟5-52_3.2
0,芸術棟5-38,art5,223,350,芸術棟544共同研究室_0.5,芸術棟5-37_0.8,芸術棟5-39_0.6
0,芸術棟5-39,art5,223,318,芸術棟531彫刻アトリエ2_0.5,芸術棟543研究室_0.5,芸術棟5-38_0.6,芸術棟5-40_0.4
0,芸術棟5-40,art5,223,298,芸術棟542研究室_0.5,芸術棟5-39_0.4,芸術棟5-41_0.4
0,芸術棟5-41,art5,223,280,芸術棟530彫刻アトリエ1_0.5,芸術棟541研究室_0.5,芸術棟5-40_0.4,芸術棟5-42_0.4
0,芸術棟5-42,art5,223,259,芸術棟540研究室_0.5,芸術棟5-41_0.4,芸術棟5-43_0.5
0,芸術棟5-43,art5,223,235,芸術棟5-42_0.5,芸術棟5-44_1.6
0,芸術棟5-44,art5,142,235,芸術棟5-43_1.6,芸術棟5-45_0.3,芸術棟5-46_1.6,芸術棟5-59_1.9
0,芸術棟5-45,art5,142,250,芸術棟5-44_0.3,芸術棟4-43_2.0,芸術棟6-30_2.0
0,芸術棟5-46,art5,62,235,芸術棟5-44_1.6,芸術棟5-47_0.5
0,芸術棟5-47,art5,62,259,芸術棟520研究室_0.5,芸術棟5-46_0.5,芸術棟5-48_0.4
0,芸術棟5-48,art5,62,280,芸術棟510日本画アトリエ1_0.5,芸術棟521研究室_0.5,芸術棟5-47_0.4,芸術棟5-49_0.4
0,芸術棟5-49,art5,62,298,芸術棟522研究室_0.5,芸術棟5-48_0.4,芸術棟5-50_0.4
0,芸術棟5-50,art5,62,318,芸術棟511日本画アトリエ2_0.5,芸術棟523研究室_0.5,芸術棟5-49_0.4,芸術棟5-51_0.6
0,芸術棟5-51,art5,62,350,芸術棟524研究室_0.5,芸術棟5-50_0.6,芸術棟5-52_0.8
0,芸術棟5-52,art5,62,389,芸術棟5-51_0.8,芸術棟5-53_0.8,芸術棟5-37_3.2
0,芸術棟5-53,art5,62,428,芸術棟512日本画アトリエ3_0.5,芸術棟525共同研究室_0.5,芸術棟5-52_0.8,芸術棟5-54_0.8
0,芸術棟5-54,art5,62,468,芸術棟526研究室_0.5,芸術棟5-53_0.8,芸術棟5-55_0.8
0,芸術棟5-55,art5,62,507,芸術棟513デッサン室_0.5,芸術棟527研究室_0.5,芸術棟5-54_0.8,芸術棟5-56_0.5
0,芸術棟5-56,art5,62,532,芸術棟5-55_0.5,芸術棟5-57_0.3,芸術棟5-58_1.5
0,芸術棟5-57,art5,77,532,芸術棟5-56_0.3,芸術棟4-34_2.0,芸術棟6-39_2.0
0,芸術棟5-58,art5,62,608,芸術棟550VCデザインスタジオ_0.6,芸術棟551CA+Tラボラトリー_0.5,芸術棟5-56_1.5
0,芸術棟5-59,art5,142,138,芸術棟5-44_1.9,芸術棟5-60_0.5,芸術棟5-63_0.6
0,芸術棟5-60,art5,118,138,芸術棟5-59_0.5,芸術棟5-61_0.2
0,芸術棟5-61,art5,118,129,芸術棟5-60_0.2,芸術棟5-62_0.3
0,芸術棟5-62,art5,101,129,芸術棟5-61_0.3,芸術棟4-57_2.0
0,芸術棟5-63,art5,170,138,芸術棟5-59_0.6,芸術棟5-64_0.2
0,芸術棟5-64,art5,170,129,芸術棟5-63_0.2,芸術棟5-65_0.3,芸術棟5-66_0.7
0,芸術棟5-65,art5,185,129,芸術棟5-64_0.3,芸術棟4-52_2.0
0,芸術棟5-66,art5,170,95,芸術棟501展示室_0.6,芸術棟5-64_0.7,芸術棟503暗室_0.4
1,芸術棟503暗室,art5,191,95,芸術棟5-66_0.4
1,芸術棟610油絵アトリエ1,art6,30,70,芸術棟6-32_0.6
1,芸術棟611実習室1,art6,30,137,芸術棟6-34_0.6
1,芸術棟512油絵アトリエ2,art6,30,245,芸術棟6-36_0.6
1,芸術棟613実習室2,art6,30,308,芸術棟6-37_0.6
1,芸術棟620共同研究室,art6,86,70,芸術棟6-32_0.5
1,芸術棟621研究室,art6,86,109,芸術棟6-33_0.5
1,芸術棟622実習室3,art6,86,137,芸術棟6-34_0.5
1,芸術棟623実習室4,art6,86,160,芸術棟6-35_0.5
1,芸術棟624油絵アトリエ4A,art6,86,245,芸術棟6-36_0.5
1,芸術棟625実習室4,art6,86,308,芸術棟6-37_0.5
1,芸術棟630油絵アトリエ4,art6,192,109,芸術棟6-26_0.6
1,芸術棟631油絵アトリエ3,art6,192,267,芸術棟6-23_0.6
1,芸術棟640研究室,art6,246,70,芸術棟6-27_0.5
1,芸術棟641研究室,art6,246,109,芸術棟6-26_0.5
1,芸術棟642研究室,art6,246,149,芸術棟6-25_0.5
1,芸術棟643研究室,art6,246,225,芸術棟6-24_0.5
1,芸術棟644研究室,art6,246,267,芸術棟6-23_0.5
1,芸術棟645研究室,art6,246,308,芸術棟6-22_0.5
0,芸術棟6-19,art6,220,347,芸術棟6-20_0.3,芸術棟6-40_3.2
0,芸術棟6-20,art6,220,331,芸術棟6-19_0.3,芸術棟6-21_3.4,芸術棟6-22_0.5
0,芸術棟6-21,art6,331,204,芸術棟6-20_3.4,芸術棟5-33_2.0
0,芸術棟6-22,art6,220,308,芸術棟645研究室_0.5,芸術棟6-20_0.5,芸術棟6-23_0.8
0,芸術棟6-23,art6,220,267,芸術棟631油絵アトリエ3_0.6,芸術棟644研究室_0.5,芸術棟6-22_0.8,芸術棟6-24_0.8
0,芸術棟6-24,art6,220,225,芸術棟643研究室_0.5,芸術棟6-23_0.8,芸術棟6-25_1.5
0,芸術棟6-25,art6,220,149,芸術棟642研究室_0.5,芸術棟6-24_1.5,芸術棟6-26_0.8
0,芸術棟6-26,art6,220,109,芸術棟630油絵アトリエ4_0.6,芸術棟641研究室_0.5,芸術棟6-25_0.8,芸術棟6-27_0.8
0,芸術棟6-27,art6,220,70,芸術棟640研究室_0.5,芸術棟6-26_0.8,芸術棟6-28_0.7
0,芸術棟6-28,art6,220,36,芸術棟6-27_0.7,芸術棟6-29_1.6
0,芸術棟6-29,art6,140,36,芸術棟6-28_1.6,芸術棟6-30_0.2,芸術棟6-31_1.6
0,芸術棟6-30,art6,140,48,芸術棟6-29_0.2,芸術棟5-45_2.0
0,芸術棟6-31,art6,59,36,芸術棟6-29_1.6,芸術棟6-32_0.7
0,芸術棟6-32,art6,59,70,芸術棟610油絵アトリエ1_0.6,芸術棟620共同研究室_0.5,芸術棟6-31_0.7,芸術棟6-33_0.8
0,芸術棟6-33,art6,59,109,芸術棟621研究室_0.5,芸術棟6-32_0.8,芸術棟6-34_0.6
0,芸術棟6-34,art6,59,137,芸術棟611実習室1_0.6,芸術棟622実習室3_0.5,芸術棟6-33_0.6,芸術棟6-35_0.5
0,芸術棟6-35,art6,59,160,芸術棟623実習室4_0.5,芸術棟6-34_0.5,芸術棟6-36_1.7
0,芸術棟6-36,art6,59,245,芸術棟512油絵アトリエ2_0.6,芸術棟624油絵アトリエ4A_0.5,芸術棟6-35_1.7,芸術棟6-37_1.3
0,芸術棟6-37,art6,59,308,芸術棟613実習室2_0.6,芸術棟625実習室4_0.5,芸術棟6-36_1.3,芸術棟6-38_0.5
0,芸術棟6-38,art6,59,331,芸術棟6-37_0.5,芸術棟6-39_8.2,芸術棟6-40_0.3
0,芸術棟6-39,art6,381,75,芸術棟6-38_8.2,芸術棟5-57_2.0
0,芸術棟6-40,art6,59,347,芸術棟6-19_3.2,芸術棟6-38_0.3
1,情報棟210会議室2,info2,50,236,情報棟2-16_0.6
1,情報棟211会議室1,info2,113,236,情報棟2-16_0.6
1,情報棟213会議室3,info2,81,280,情報棟2-16_0.9
1,情報棟224印刷室,info2,247,223,情報棟2-11_0.6
1,情報棟223相談室,info2,247,245,情報棟2-10_0.6
1,情報棟222事務局,info2,247,265,情報棟2-9_0.6
1,情報棟220事務局,info2,310,223,情報棟2-11_0.6
1,情報棟221情報科学部長室,info2,310,265,情報棟2-9_0.6
0,情報棟2-9,info2,279,265,情報棟222事務局_0.6,情報棟221情報科学部長室_0.6,情報棟2-10_0.4
0,情報棟2-10,info2,279,245,情報棟223相談室_0.6,情報棟2-9_0.4,情報棟2-11_0.4
0,情報棟2-11,info2,279,223,情報棟224印刷室_0.6,情報棟220事務局_0.6,情報棟2-10_0.4,情報棟2-12_0.6
0,情報棟2-12,info2,279,194,情報棟2-11_0.6,情報棟2-13_2.0
0,情報棟2-13,info2,180,194,情報棟2-12_2.0,情報棟2-14_0.4,情報棟2-15_2.0,情報棟2-17_1.4
0,情報棟2-14,info2,180,212,情報棟2-13_0.4,情報棟3-19_2.0
0,情報棟2-15,info2,81,194,情報棟2-13_2.0,情報棟2-16_0.8
0,情報棟2-16,info2,81,236,情報棟210会議室2_0.6,情報棟211会議室1_0.6,情報棟213会議室3_0.9,情報棟2-15_0.8
0,情報棟2-17,info2,180,122,情報棟2-13_1.4,情報棟2-18_0.9,情報棟2-19_1.1
0,情報棟2-18,info2,227,122,情報棟2-17_0.9,講義棟2-15_2.0
0,情報棟2-19,info2,180,65,情報棟2-17_1.1,情報棟2-20_1.1,情報棟2-21_1.1,情報棟2-22_0.9
0,情報棟2-20,info2,126,65,情報棟2-19_1.1,情報棟3-30_2.0
0,情報棟2-21,info2,234,65,情報棟2-19_1.1,情報棟3-33_2.0
0,情報棟2-22,info2,180,20,情報棟2-19_0.9,講義棟1-6_2.0
1,情報棟310準備室,info3,41,274,情報棟3-16_0.7
1,情報棟311学生実験室1,info3,41,337,情報棟3-15_0.7
1,情報棟312準備室,info3,41,415,情報棟3-14_0.7
1,情報棟313コンピュータ演習室,info3,74,467,情報棟3-14_1.0
1,情報棟315準備室,info3,107,274,情報棟3-16_0.7
1,情報棟314医用情報科学実験室,info3,107,337,情報棟3-15_0.7
1,情報棟システム工学科実験室,info3,236,280,情報棟3-21_0.7
1,情報棟知能工学科実験室,info3,236,360,情報棟3-22_0.7
1,情報棟323知能工学科実験室1,info3,236,444,情報棟3-24_0.7
1,情報棟情報工学科実験室,info3,303,360,情報棟3-22_0.7
1,情報棟322情報工学科実験室1,info3,303,444,情報棟3-24_0.7
1,情報棟321準備室,info3,303,415,情報棟3-23_0.7
1,情報棟301情報処理演習室,info3,203,73,情報棟3-32_0.9
0,情報棟3-14,info3,74,415,情報棟312準備室_0.7,情報棟313コンピュータ演習室_1.0,情報棟3-15_1.6
0,情報棟3-15,info3,74,337,情報棟311学生実験室1_0.7,情報棟314医用情報科学実験室_0.7,情報棟3-14_1.6,情報棟3-16_1.3
0,情報棟3-16,info3,74,274,情報棟310準備室_0.7,情報棟315準備室_0.7,情報棟3-15_1.3,情報棟3-17_0.6
0,情報棟3-17,info3,74,245,情報棟3-16_0.6,情報棟3-18_1.9
0,情報棟3-18,info3,170,245,情報棟3-17_1.9,情報棟3-19_0.4,情報棟3-20_2.0,情報棟3-25_1.4
0,情報棟3-19,info3,170,264,情報棟3-18_0.4,情報棟2-14_2.0,情報棟4-65_2.0
0,情報棟3-20,info3,269,245,情報棟3-18_2.0,情報棟3-21_0.7
0,情報棟3-21,info3,269,280,情報棟システム工学科実験室_0.7,情報棟3-20_0.7,情報棟3-22_1.6
0,情報棟3-22,info3,269,360,情報棟知能工学科実験室_0.7,情報棟情報工学科実験室_0.7,情報棟3-21_1.6,情報棟3-23_1.1
0,情報棟3-23,info3,269,415,情報棟321準備室_0.7,情報棟3-22_1.1,情報棟3-24_0.6
0,情報棟3-24,info3,269,444,情報棟322情報工学科実験室1_0.7,情報棟323知能工学科実験室1_0.7,情報棟3-23_0.6
0,情報棟3-25,info3,170,175,情報棟3-18_1.4,情報棟3-26_0.7,情報棟3-27_0.9
0,情報棟3-26,info3,265,175,情報棟3-25_0.7,講義棟3-2_2.0
0,情報棟3-27,info3,170,130,情報棟3-25_0.9,情報棟3-28_0.6,情報棟3-31_0.7
0,情報棟3-28,info3,141,130,情報棟3-27_0.6,情報棟3-29_0.2
0,情報棟3-29,info3,141,120,情報棟3-28_0.2,情報棟3-30_0.5
0,情報棟3-30,info3,118,120,情報棟3-29_0.5,情報棟2-20_2.0,情報棟4-71_2.0
0,情報棟3-31,info3,203,130,情報棟3-27_0.7,情報棟3-32_0.2
0,情報棟3-32,info3,203,120,情報棟301情報処理演習室_0.9,情報棟3-31_0.2,情報棟3-33_0.4
0,情報棟3-33,info3,224,120,情報棟3-32_0.4,情報棟2-21_2.0,情報棟4-66_2.0
1,情報棟401情報処理実習室1,info4,208,47,情報棟4-67_1.0
1,情報棟410研究室,info4,70,223,情報棟4-52_0.5
1,情報棟411研究室,info4,70,240,情報棟4-51_0.5
1,情報棟412研究室,info4,70,258,情報棟4-50_0.5
1,情報棟413研究室,info4,70,276,情報棟4-49_0.5
1,情報棟414研究室,info4,70,302,情報棟4-48_0.5
1,情報棟420研究室,info4,70,367,情報棟4-47_0.5
1,情報棟421研究室,info4,70,384,情報棟4-46_0.5
1,情報棟422資料室,info4,70,403,情報棟4-45_0.5
1,情報棟423研究室,info4,70,420,情報棟4-44_0.5
1,情報棟424研究室,info4,70,446,情報棟4-43_0.5
1,情報棟430研究室,info4,70,510,情報棟4-41_0.5
1,情報棟431資料室,info4,70,528,情報棟4-40_0.5
1,情報棟432実験室,info4,70,546,情報棟4-39_0.5
1,情報棟433研究室,info4,70,565,情報棟4-38_0.5
1,情報棟434実験室,info4,70,590,情報棟4-37_0.5
1,情報棟417研究室,info4,123,240,情報棟4-51_0.5
1,情報棟416研究室,info4,123,276,情報棟4-49_0.5
1,情報棟415研究室,info4,123,302,情報棟4-48_0.5
1,情報棟427実験室,info4,123,384,情報棟4-46_0.5
1,情報棟426実験室,info4,123,420,情報棟4-44_0.5
1,情報棟425研究室,info4,123,446,情報棟4-43_0.5
1,情報棟437研究室,info4,123,528,情報棟4-40_0.5
1,情報棟436ゼミ室,info4,123,565,情報棟4-38_0.5
1,情報棟435実験室,info4,123,590,情報棟4-37_0.5
1,情報棟442準備室,info4,235,223,情報棟4-56_0.6
1,情報棟411学生実験室2,info4,235,276,情報棟4-57_0.6
1,情報棟457実験室,info4,235,384,情報棟4-59_0.6
1,情報棟456研究室,info4,235,420,情報棟4-61_0.6
1,情報棟455研究室,info4,235,446,情報棟4-62_0.6
1,情報棟440システム工学科実験室1,info4,290,276,情報棟4-57_0.5
1,情報棟450研究室,info4,290,367,情報棟4-58_0.5
1,情報棟451ゼミ室,info4,290,384,情報棟4-59_0.5
1,情報棟452研究室,info4,290,403,情報棟4-60_0.5
1,情報棟453研究室,info4,290,420,情報棟4-61_0.5
1,情報棟454ゼミ室,info4,290,446,情報棟4-62_0.5
0,情報棟4-37,info4,97,590,情報棟434実験室_0.5,情報棟435実験室_0.5,情報棟4-38_0.5
0,情報棟4-38,info4,97,565,情報棟433研究室_0.5,情報棟436ゼミ室_0.5,情報棟4-37_0.5,情報棟4-39_0.4
0,情報棟4-39,info4,97,546,情報棟432実験室_0.5,情報棟4-38_0.4,情報棟4-40_0.4
0,情報棟4-40,info4,97,528,情報棟431資料室_0.5,情報棟437研究室_0.5,情報棟4-39_0.4,情報棟4-41_0.4
0,情報棟4-41,info4,97,510,情報棟430研究室_0.5,情報棟4-40_0.4,情報棟4-42_0.5
0,情報棟4-42,info4,97,484,情報棟4-41_0.5,情報棟4-43_0.8,情報棟4-63_3.3
0,情報棟4-43,info4,97,446,情報棟424研究室_0.5,情報棟425研究室_0.5,情報棟4-42_0.8,情報棟4-44_0.5
0,情報棟4-44,info4,97,420,情報棟423研究室_0.5,情報棟426実験室_0.5,情報棟4-43_0.5,情報棟4-45_0.3
0,情報棟4-45,info4,97,403,情報棟422資料室_0.5,情報棟4-44_0.3,情報棟4-46_0.4
0,情報棟4-46,info4,97,384,情報棟421研究室_0.5,情報棟427実験室_0.5,情報棟4-45_0.4,情報棟4-47_0.3
0,情報棟4-47,info4,97,367,情報棟420研究室_0.5,情報棟4-46_0.3,情報棟4-48_1.3
0,情報棟4-48,info4,97,302,情報棟414研究室_0.5,情報棟415研究室_0.5,情報棟4-47_1.3,情報棟4-49_0.5
0,情報棟4-49,info4,97,276,情報棟413研究室_0.5,情報棟416研究室_0.5,情報棟4-48_0.5,情報棟4-50_0.4
0,情報棟4-50,info4,97,258,情報棟412研究室_0.5,情報棟4-49_0.4,情報棟4-51_0.4
0,情報棟4-51,info4,97,240,情報棟411研究室_0.5,情報棟417研究室_0.5,情報棟4-50_0.4,情報棟4-52_0.3
0,情報棟4-52,info4,97,223,情報棟410研究室_0.5,情報棟4-51_0.3,情報棟4-53_0.5
0,情報棟4-53,info4,97,200,情報棟4-52_0.5,情報棟4-54_1.7
0,情報棟4-54,info4,180,200,情報棟4-53_1.7,情報棟4-65_0.3,情報棟4-55_1.7
0,情報棟4-55,info4,263,200,情報棟4-54_1.7,情報棟4-56_0.5
0,情報棟4-56,info4,263,223,情報棟442準備室_0.6,情報棟4-55_0.5,情報棟4-57_1.1
0,情報棟4-57,info4,263,276,情報棟411学生実験室2_0.6,情報棟440システム工学科実験室1_0.5,情報棟4-56_1.1,情報棟4-58_1.8
0,情報棟4-58,info4,263,367,情報棟450研究室_0.5,情報棟4-57_1.8,情報棟4-59_0.3
0,情報棟4-59,info4,263,384,情報棟457実験室_0.6,情報棟451ゼミ室_0.5,情報棟4-58_0.3,情報棟4-60_0.4
0,情報棟4-60,info4,263,403,情報棟452研究室_0.5,情報棟4-59_0.4,情報棟4-61_0.3
0,情報棟4-61,info4,263,420,情報棟456研究室_0.5,情報棟453研究室_0.5,情報棟4-60_0.3,情報棟4-62_0.5
0,情報棟4-62,info4,263,446,情報棟455研究室_0.6,情報棟454ゼミ室_0.5,情報棟4-61_0.5,情報棟4-63_0.8
0,情報棟4-63,info4,263,484,情報棟4-42_3.3,情報棟4-62_0.8,情報棟4-64_1.5
0,情報棟4-64,info4,337,484,情報棟4-63_1.5,講義棟4-15_2.0
0,情報棟4-65,info4,180,214,情報棟4-54_0.3,情報棟3-19_2.0,情報棟5-68_2.0
0,情報棟4-66,info4,225,99,情報棟4-67_0.3,情報棟3-33_2.0,情報棟5-88_2.0
0,情報棟4-67,info4,208,99,情報棟401情報処理実習室1_1.0,情報棟4-66_0.3,情報棟4-68_0.2
0,情報棟4-68,info4,208,108,情報棟4-67_0.2,情報棟4-69_1.1
0,情報棟4-69,info4,153,108,情報棟4-68_1.1,情報棟4-70_0.2
0,情報棟4-70,info4,153,99,情報棟4-69_0.2,情報棟4-71_0.3
0,情報棟4-71,info4,136,99,情報棟4-70_0.3,情報棟3-30_2.0,情報棟5-92_2.0
1,情報棟501情報処理実習室2,info5,171,58,情報棟5-94_0.8
1,情報棟510実験室,info5,34,224,情報棟5-70_0.5
1,情報棟511研究室,info5,34,243,情報棟5-71_0.5
1,情報棟512研究室,info5,34,261,情報棟5-72_0.5
1,情報棟513研究室,info5,34,280,情報棟5-73_0.5
1,情報棟520研究室,info5,34,370,情報棟5-76_0.5
1,情報棟521研究室,info5,34,388,情報棟5-77_0.5
1,情報棟522資料室,info5,34,406,情報棟5-78_0.5
1,情報棟523研究室,info5,34,424,情報棟5-79_0.5
1,情報棟524実験室,info5,34,451,情報棟5-80_0.5
1,情報棟530研究室,info5,34,514,情報棟5-81_0.5
1,情報棟531研究室,info5,34,533,情報棟5-82_0.5
1,情報棟532研究室,info5,34,552,情報棟5-83_0.5
1,情報棟533研究室,info5,34,570,情報棟5-84_0.5
1,情報棟534ゼミ室,info5,34,597,情報棟5-85_0.5
1,情報棟517研究室,info5,88,243,情報棟5-71_0.5
1,情報棟516研究室,info5,88,280,情報棟5-73_0.5
1,情報棟515研究室,info5,88,305,情報棟5-74_0.5
1,情報棟527実験室,info5,88,388,情報棟5-77_0.5
1,情報棟526実験室,info5,88,424,情報棟5-79_0.5
1,情報棟525研究室,info5,88,451,情報棟5-80_0.5
1,情報棟537実験室,info5,88,533,情報棟5-82_0.5
1,情報棟536実験室,info5,88,570,情報棟5-84_0.5
1,情報棟535実験室,info5,88,597,情報棟5-85_0.5
1,情報棟547研究室,info5,201,253,情報棟5-64_0.6
1,情報棟546ゼミ室,info5,201,280,情報棟5-62_0.5
1,情報棟545研究室,info5,201,305,情報棟5-61_0.5
1,情報棟557実験室,info5,201,388,情報棟5-58_0.5
1,情報棟556実験室,info5,201,424,情報棟5-56_0.5
1,情報棟555研究室,info5,201,451,情報棟5-55_0.5
1,情報棟566実験室,info5,201,533,情報棟5-53_0.5
1,情報棟565実験室,info5,201,570,情報棟5-51_0.5
1,情報棟540研究室,info5,256,224,情報棟5-65_0.6
1,情報棟541研究室,info5,256,243,情報棟5-64_0.6
1,情報棟542資料室,info5,256,261,情報棟5-63_0.6
1,情報棟543ゼミ室,info5,256,280,情報棟5-62_0.6
1,情報棟544研究室,info5,256,305,情報棟5-61_0.6
1,情報棟550研究室,info5,256,370,情報棟5-59_0.6
1,情報棟551研究室,info5,256,388,情報棟5-58_0.6
1,情報棟552研究室,info5,256,406,情報棟5-57_0.6
1,情報棟553研究室,info5,256,424,情報棟5-56_0.6
1,情報棟554研究室,info5,256,451,情報棟5-55_0.6
1,情報棟560研究室,info5,256,514,情報棟5-54_0.6
1,情報棟561研究室,info5,256,533,情報棟5-53_0.6
1,情報棟562資料室,info5,256,552,情報棟5-52_0.6
1,情報棟563研究室,info5,256,570,情報棟5-51_0.6
1,情報棟564実験室,info5,256,597,情報棟5-50_0.6
0,情報棟5-48,info5,210,628,情報棟5-49_0.4,情報棟6-48_2.0
0,情報棟5-49,info5,228,628,情報棟5-48_0.4,情報棟5-50_0.6
0,情報棟5-50,info5,228,597,情報棟564実験室_0.6,情報棟5-49_0.6,情報棟5-51_0.5
0,情報棟5-51,info5,228,570,情報棟565実験室_0.5,情報棟563研究室_0.6,情報棟5-50_0.5,情報棟5-52_0.4
0,情報棟5-52,info5,228,552,情報棟562資料室_0.6,情報棟5-51_0.4,情報棟5-53_0.4
0,情報棟5-53,info5,228,533,情報棟566実験室_0.5,情報棟561研究室_0.6,情報棟5-52_0.4,情報棟5-54_0.4
0,情報棟5-54,info5,228,514,情報棟560研究室_0.6,情報棟5-53_0.4,情報棟5-55_1.3
0,情報棟5-55,info5,228,451,情報棟555研究室_0.5,情報棟554研究室_0.6,情報棟5-54_1.3,情報棟5-56_0.5
0,情報棟5-56,info5,228,424,情報棟556実験室_0.5,情報棟553研究室_0.6,情報棟5-55_0.5,情報棟5-57_0.4
0,情報棟5-57,info5,228,406,情報棟552研究室_0.6,情報棟5-56_0.4,情報棟5-58_0.4
0,情報棟5-58,info5,228,388,情報棟557実験室_0.5,情報棟551研究室_0.6,情報棟5-57_0.4,情報棟5-59_0.4
0,情報棟5-59,info5,228,370,情報棟550研究室_0.6,情報棟5-58_0.4,情報棟5-60_0.5
0,情報棟5-60,info5,228,343,情報棟5-59_0.5,情報棟5-61_0.8,情報棟5-75_3.3
0,情報棟5-61,info5,228,305,情報棟545研究室_0.5,情報棟544研究室_0.6,情報棟5-60_0.8,情報棟5-62_0.5
0,情報棟5-62,info5,228,280,情報棟546ゼミ室_0.5,情報棟543ゼミ室_0.6,情報棟5-61_0.5,情報棟5-63_0.4
0,情報棟5-63,info5,228,261,情報棟542資料室_0.6,情報棟5-62_0.4,情報棟5-64_0.4
0,情報棟5-64,info5,228,243,情報棟547研究室_0.6,情報棟541研究室_0.6,情報棟5-63_0.4,情報棟5-65_0.4
0,情報棟5-65,info5,228,224,情報棟540研究室_0.6,情報棟5-64_0.4,情報棟5-66_0.4
0,情報棟5-66,info5,228,202,情報棟5-65_0.4,情報棟5-67_1.7
0,情報棟5-67,info5,145,202,情報棟5-66_1.7,情報棟5-68_0.3,情報棟5-69_1.7,情報棟5-89_1.9
0,情報棟5-68,info5,145,216,情報棟5-67_0.3,情報棟4-65_2.0,情報棟6-68_2.0
0,情報棟5-69,info5,61,202,情報棟5-67_1.7,情報棟5-70_0.4
0,情報棟5-70,info5,61,224,情報棟510実験室_0.5,情報棟5-69_0.4,情報棟5-71_0.4
0,情報棟5-71,info5,61,243,情報棟511研究室_0.5,情報棟517研究室_0.5,情報棟5-70_0.4,情報棟5-72_0.4
0,情報棟5-72,info5,61,261,情報棟512研究室_0.5,情報棟5-71_0.4,情報棟5-73_0.4
0,情報棟5-73,info5,61,280,情報棟513研究室_0.5,情報棟516研究室_0.5,情報棟5-72_0.4,情報棟5-74_0.5
0,情報棟5-74,info5,61,305,情報棟515研究室_0.5,情報棟5-73_0.5,情報棟5-75_0.8
0,情報棟5-75,info5,61,343,情報棟5-60_3.3,情報棟5-74_0.8,情報棟5-76_0.5
0,情報棟5-76,info5,61,370,情報棟520研究室_0.5,情報棟5-75_0.5,情報棟5-77_0.4
0,情報棟5-77,info5,61,388,情報棟521研究室_0.5,情報棟527実験室_0.5,情報棟5-76_0.4,情報棟5-78_0.4
0,情報棟5-78,info5,61,406,情報棟522資料室_0.5,情報棟5-77_0.4,情報棟5-79_0.4
0,情報棟5-79,info5,61,424,情報棟523研究室_0.5,情報棟526実験室_0.5,情報棟5-78_0.4,情報棟5-80_0.5
0,情報棟5-80,info5,61,451,情報棟524実験室_0.5,情報棟525研究室_0.5,情報棟5-79_0.5,情報棟5-81_1.3
0,情報棟5-81,info5,61,514,情報棟530研究室_0.5,情報棟5-80_1.3,情報棟5-82_0.4
0,情報棟5-82,info5,61,533,情報棟531研究室_0.5,情報棟537実験室_0.5,情報棟5-81_0.4,情報棟5-83_0.4
0,情報棟5-83,info5,61,552,情報棟532研究室_0.5,情報棟5-82_0.4,情報棟5-84_0.4
0,情報棟5-84,info5,61,570,情報棟533研究室_0.5,情報棟536実験室_0.5,情報棟5-83_0.4,情報棟5-85_0.5
0,情報棟5-85,info5,61,597,情報棟534ゼミ室_0.5,情報棟535実験室_0.5,情報棟5-84_0.5,情報棟5-86_0.6
0,情報棟5-86,info5,61,628,情報棟5-85_0.6,情報棟5-87_0.4
0,情報棟5-87,info5,82,628,情報棟5-86_0.4,情報棟6-86_2.0
0,情報棟5-88,info5,190,99,情報棟5-94_0.4,情報棟4-66_2.0,情報棟6-94_2.0
0,情報棟5-89,info5,145,107,情報棟5-90_0.5,情報棟5-93_0.5,情報棟5-67_1.9
0,情報棟5-90,info5,118,107,情報棟5-89_0.5,情報棟5-91_0.2
0,情報棟5-91,info5,118,99,情報棟5-90_0.2,情報棟5-92_0.3
0,情報棟5-92,info5,101,99,情報棟5-91_0.3,情報棟4-91_2.0,情報棟6-90_2.0
0,情報棟5-93,info5,171,107,情報棟5-89_0.5,情報棟5-94_0.2
0,情報棟5-94,info5,171,99,情報棟501情報処理実習室2_0.8,情報棟5-93_0.2,情報棟5-88_0.4
1,情報棟601センター長室,info6,89,41,情報棟6-91_0.5
1,情報棟情報処理センター事務室,info6,166,82,情報棟6-93_0.9
1,情報棟610研究室,info6,28,252,情報棟6-70_0.5
1,情報棟611研究室,info6,28,270,情報棟6-71_0.5
1,情報棟612研究室,info6,28,289,情報棟6-72_0.5
1,情報棟613研究室,info6,28,307,情報棟6-73_0.5
1,情報棟614研究室,info6,28,333,情報棟6-74_0.5
1,情報棟620研究室,info6,28,398,情報棟6-75_0.5
1,情報棟621研究室,info6,28,416,情報棟6-76_0.5
1,情報棟622研究室,info6,28,435,情報棟6-77_0.5
1,情報棟623研究室,info6,28,541,情報棟6-78_1.9
1,情報棟624研究室,info6,28,479,情報棟6-79_0.5
1,情報棟630研究室,info6,28,544,情報棟6-81_0.5
1,情報棟631研究室,info6,28,562,情報棟6-82_0.5
1,情報棟632研究室,info6,28,588,情報棟6-83_0.5
1,情報棟633実験室,info6,28,625,情報棟6-84_0.5
1,情報棟617研究室,info6,82,270,情報棟6-71_0.5
1,情報棟616研究室,info6,82,307,情報棟6-73_0.5
1,情報棟615研究室,info6,82,333,情報棟6-74_0.5
1,情報棟626実験室,info6,82,435,情報棟6-77_0.5
1,情報棟625実験室,info6,82,479,情報棟6-79_0.5
1,情報棟635実験室,info6,82,562,情報棟6-82_0.5
1,情報棟634実験室,info6,82,625,情報棟6-84_0.5
1,情報棟647実験室,info6,195,270,情報棟6-64_0.5
1,情報棟646実験室,info6,195,307,情報棟6-62_0.5
1,情報棟645研究室,info6,195,333,情報棟6-61_0.5
1,情報棟657実験室,info6,195,416,情報棟6-59_0.5
1,情報棟656実験室,info6,195,451,情報棟6-57_0.5
1,情報棟655実験室,info6,195,479,情報棟6-56_0.5
1,情報棟667実験室,info6,195,562,情報棟6-53_0.5
1,情報棟666実験室,info6,195,596,情報棟6-52_0.7
1,情報棟665実験室,info6,195,625,情報棟6-50_0.5
1,情報棟640研究室,info6,250,252,情報棟6-65_0.6
1,情報棟641研究室,info6,250,270,情報棟6-64_0.6
1,情報棟642資料室,info6,250,289,情報棟6-63_0.6
1,情報棟643研究室,info6,250,307,情報棟6-62_0.6
1,情報棟644ゼミ室,info6,250,333,情報棟6-61_0.6
1,情報棟650研究室,info6,250,398,情報棟6-60_0.6
1,情報棟651研究室,info6,250,416,情報棟6-59_0.6
1,情報棟652資料室,info6,250,435,情報棟6-58_0.6
1,情報棟653研究室,info6,250,451,情報棟6-57_0.6
1,情報棟654ゼミ室,info6,250,479,情報棟6-56_0.6
1,情報棟660資料室,info6,250,544,情報棟6-54_0.6
1,情報棟661研究室,info6,250,562,情報棟6-53_0.6
1,情報棟662研究室,info6,250,577,情報棟6-52_0.6
1,情報棟663研究室,info6,250,596,情報棟6-51_0.6
1,情報棟664研究室,info6,250,625,情報棟6-50_0.6
0,情報棟6-48,info6,204,656,情報棟6-49_0.4,情報棟5-48_2.0,情報棟7-49_2.0
0,情報棟6-49,info6,222,656,情報棟6-48_0.4,情報棟6-50_0.6
0,情報棟6-50,info6,222,625,情報棟665実験室_0.5,情報棟664研究室_0.6,情報棟6-49_0.6,情報棟6-51_0.6
0,情報棟6-51,info6,222,596,情報棟666実験室_0.5,情報棟663研究室_0.6,情報棟6-50_0.6,情報棟6-52_0.4
0,情報棟6-52,info6,222,577,情報棟662研究室_0.6,情報棟6-51_0.4,情報棟6-53_0.3
0,情報棟6-53,info6,222,562,情報棟667実験室_0.5,情報棟661研究室_0.6,情報棟6-52_0.3,情報棟6-54_0.4
0,情報棟6-54,info6,222,544,情報棟660資料室_0.6,情報棟6-53_0.4,情報棟6-55_0.5
0,情報棟6-55,info6,222,517,情報棟6-54_0.5,情報棟6-56_0.8,情報棟6-80_3.3
0,情報棟6-56,info6,222,479,情報棟655実験室_0.5,情報棟654ゼミ室_0.6,情報棟6-55_0.8,情報棟6-57_0.6
0,情報棟6-57,info6,222,451,情報棟656実験室_0.5,情報棟653研究室_0.6,情報棟6-56_0.6,情報棟6-58_0.3
0,情報棟6-58,info6,222,435,情報棟652資料室_0.6,情報棟6-57_0.3,情報棟6-59_0.4
0,情報棟6-59,info6,222,416,情報棟657実験室_0.5,情報棟651研究室_0.6,情報棟6-58_0.4,情報棟6-60_0.4
0,情報棟6-60,info6,222,398,情報棟650研究室_0.6,情報棟6-59_0.4,情報棟6-61_1.3
0,情報棟6-61,info6,222,333,情報棟645研究室_0.5,情報棟644ゼミ室_0.6,情報棟6-60_1.3,情報棟6-62_0.5
0,情報棟6-62,info6,222,307,情報棟646実験室_0.5,情報棟643研究室_0.6,情報棟6-61_0.5,情報棟6-63_0.4
0,情報棟6-63,info6,222,289,情報棟642資料室_0.6,情報棟6-62_0.4,情報棟6-64_0.4
0,情報棟6-64,info6,222,270,情報棟647実験室_0.5,情報棟641研究室_0.6,情報棟6-63_0.4,情報棟6-65_0.4
0,情報棟6-65,info6,222,252,情報棟640研究室_0.6,情報棟6-64_0.4,情報棟6-66_0.4
0,情報棟6-66,info6,222,230,情報棟6-65_0.4,情報棟6-67_1.7
0,情報棟6-67,info6,139,230,情報棟6-66_1.7,情報棟6-68_0.3,情報棟6-69_1.7,情報棟6-87_1.9
0,情報棟6-68,info6,139,245,情報棟6-67_0.3,情報棟5-68_2.0,情報棟7-69_2.0
0,情報棟6-69,info6,55,230,情報棟6-67_1.7,情報棟6-70_0.4
0,情報棟6-70,info6,55,252,情報棟610研究室_0.5,情報棟6-69_0.4,情報棟6-71_0.4
0,情報棟6-71,info6,55,270,情報棟611研究室_0.5,情報棟617研究室_0.5,情報棟6-70_0.4,情報棟6-72_0.4
0,情報棟6-72,info6,55,289,情報棟612研究室_0.5,情報棟6-71_0.4,情報棟6-73_0.4
0,情報棟6-73,info6,55,307,情報棟613研究室_0.5,情報棟616研究室_0.5,情報棟6-72_0.4,情報棟6-74_0.5
0,情報棟6-74,info6,55,333,情報棟614研究室_0.5,情報棟615研究室_0.5,情報棟6-73_0.5,情報棟6-75_1.3
0,情報棟6-75,info6,55,398,情報棟620研究室_0.5,情報棟6-74_1.3,情報棟6-76_0.4
0,情報棟6-76,info6,55,416,情報棟621研究室_0.5,情報棟6-75_0.4,情報棟6-77_0.4
0,情報棟6-77,info6,55,435,情報棟622研究室_0.5,情報棟626実験室_0.5,情報棟6-76_0.4,情報棟6-78_0.3
0,情報棟6-78,info6,55,451,情報棟623研究室_1.9,情報棟6-77_0.3,情報棟6-79_0.6
0,情報棟6-79,info6,55,479,情報棟624研究室_0.5,情報棟625実験室_0.5,情報棟6-78_0.6,情報棟6-80_0.8
0,情報棟6-80,info6,55,517,情報棟6-55_3.3,情報棟6-79_0.8,情報棟6-81_0.5
0,情報棟6-81,info6,55,544,情報棟630研究室_0.5,情報棟6-82_0.4,情報棟6-80_0.5
0,情報棟6-82,info6,55,562,情報棟631研究室_0.5,情報棟635実験室_0.5,情報棟6-81_0.4,情報棟6-83_0.5
0,情報棟6-83,info6,55,588,情報棟632研究室_0.5,情報棟6-82_0.5,情報棟6-84_0.7
0,情報棟6-84,info6,55,625,情報棟633実験室_0.5,情報棟634実験室_0.5,情報棟6-83_0.7,情報棟6-85_0.6
0,情報棟6-85,info6,55,656,情報棟6-84_0.6,情報棟6-86_0.4
0,情報棟6-86,info6,74,656,情報棟6-85_0.4,情報棟5-87_2.0,情報棟7-88_2.0
0,情報棟6-87,info6,139,137,情報棟6-67_1.9,情報棟6-88_0.5,情報棟6-92_0.5
0,情報棟6-88,info6,113,137,情報棟6-87_0.5,情報棟6-89_0.2
0,情報棟6-89,info6,113,127,情報棟6-88_0.2,情報棟6-90_0.4,情報棟6-91_1.7
0,情報棟6-90,info6,94,127,情報棟6-89_0.4,情報棟5-92_2.0
0,情報棟6-91,info6,113,41,情報棟601センター長室_0.5,情報棟6-89_1.7
0,情報棟6-92,info6,166,137,情報棟6-87_0.5,情報棟6-93_0.2
0,情報棟6-93,info6,166,127,情報棟情報処理センター事務室_0.9,情報棟6-92_0.2,情報棟6-94_0.4
0,情報棟6-94,info6,184,127,情報棟6-93_0.4,情報棟5-88_2.0
1,情報棟710研究室,info7,29,253,情報棟7-71_0.5
1,情報棟711研究室,info7,29,270,情報棟7-72_0.5
1,情報棟712資料室,info7,29,288,情報棟7-73_0.5
1,情報棟713研究室,info7,29,305,情報棟7-74_0.5
1,情報棟714研究室,info7,29,333,情報棟7-75_0.5
1,情報棟720研究室,info7,29,397,情報棟7-77_0.5
1,情報棟721資料室,info7,29,415,情報棟7-78_0.5
1,情報棟722ゼミ室,info7,29,433,情報棟7-79_0.5
1,情報棟723研究室,info7,29,451,情報棟7-80_0.5
1,情報棟724実験室,info7,29,477,情報棟7-81_0.5
1,情報棟730研究室,info7,29,542,情報棟7-82_0.5
1,情報棟731研究室,info7,29,560,情報棟7-83_0.5
1,情報棟732研究室,info7,29,577,情報棟7-84_0.5
1,情報棟733研究室,info7,29,596,情報棟7-85_0.5
1,情報棟734実験室,info7,29,623,情報棟7-86_0.5
1,情報棟717ゼミ室,info7,82,270,情報棟7-72_0.5
1,情報棟716研究室,info7,82,305,情報棟7-74_0.5
1,情報棟715実験室,info7,82,333,情報棟7-75_0.5
1,情報棟727研究室,info7,82,415,情報棟7-78_0.5
1,情報棟726実験室,info7,82,451,情報棟7-80_0.5
1,情報棟725研究室,info7,82,477,情報棟7-81_0.5
1,情報棟737研究室,info7,82,560,情報棟7-83_0.5
1,情報棟736実験室,info7,82,596,情報棟7-85_0.5
1,情報棟735ゼミ室,info7,82,623,情報棟7-86_0.5
1,情報棟747実験室,info7,195,270,情報棟7-65_0.5
1,情報棟746ゼミ室,info7,195,305,情報棟7-63_0.5
1,情報棟745実験室,info7,195,333,情報棟7-62_0.5
1,情報棟757研究室,info7,195,415,情報棟7-59_0.5
1,情報棟756ゼミ室,info7,195,451,情報棟7-57_0.5
1,情報棟754実験室,info7,195,477,情報棟7-56_0.5
1,情報棟767ゼミ室,info7,195,560,情報棟7-54_0.5
1,情報棟766実験室,info7,195,596,情報棟7-52_0.5
1,情報棟765実験室,info7,195,623,情報棟7-51_0.5
1,情報棟740研究室,info7,250,253,情報棟7-66_0.6
1,情報棟741研究室,info7,250,270,情報棟7-65_0.6
1,情報棟742研究室,info7,250,288,情報棟7-64_0.6
1,情報棟743研究室,info7,250,305,情報棟7-63_0.6
1,情報棟744実験室,info7,250,333,情報棟7-62_0.6
1,情報棟750研究室,info7,250,347,情報棟7-60_1.1
1,情報棟751ゼミ室,info7,250,415,情報棟7-59_0.6
1,情報棟752資料室,info7,250,433,情報棟7-58_0.6
1,情報棟753研究室,info7,250,451,情報棟7-57_0.6
1,情報棟754実験室,info7,250,477,情報棟7-56_0.6
1,情報棟760研究室,info7,250,542,情報棟7-55_0.6
1,情報棟761研究室,info7,250,560,情報棟7-54_0.6
1,情報棟762資料室,info7,250,577,情報棟7-53_0.6
1,情報棟763研究室,info7,250,596,情報棟7-52_0.6
1,情報棟764実験室,info7,250,633,情報棟7-51_0.6
0,情報棟7-49,info7,203,656,情報棟7-50_0.4,情報棟6-48_2.0,情報棟8-49_2.0
0,情報棟7-50,info7,222,656,情報棟7-49_0.4,情報棟7-51_0.7
0,情報棟7-51,info7,222,623,情報棟765実験室_0.5,情報棟764実験室_0.6,情報棟7-50_0.7,情報棟7-52_0.5
0,情報棟7-52,info7,222,596,情報棟766実験室_0.5,情報棟763研究室_0.6,情報棟7-51_0.5,情報棟7-53_0.4
0,情報棟7-53,info7,222,577,情報棟762資料室_0.6,情報棟7-52_0.4,情報棟7-54_0.3
0,情報棟7-54,info7,222,560,情報棟767ゼミ室_0.5,情報棟761研究室_0.6,情報棟7-53_0.3,情報棟7-55_0.4
0,情報棟7-55,info7,222,542,情報棟760研究室_0.6,情報棟7-54_0.4,情報棟7-56_1.3
0,情報棟7-56,info7,222,477,情報棟754実験室_0.5,情報棟754実験室_0.6,情報棟7-55_1.3,情報棟7-57_0.5
0,情報棟7-57,info7,222,451,情報棟756ゼミ室_0.5,情報棟753研究室_0.6,情報棟7-56_0.5,情報棟7-58_0.4
0,情報棟7-58,info7,222,433,情報棟752資料室_0.6,情報棟7-57_0.4,情報棟7-59_0.4
0,情報棟7-59,info7,222,415,情報棟757研究室_0.5,情報棟751ゼミ室_0.6,情報棟7-58_0.4,情報棟7-60_0.4
0,情報棟7-60,info7,222,397,情報棟750研究室_1.1,情報棟7-59_0.4,情報棟7-61_0.5
0,情報棟7-61,info7,222,371,情報棟7-60_0.5,情報棟7-62_0.8,情報棟7-76_3.3
0,情報棟7-62,info7,222,333,情報棟745実験室_0.5,情報棟744実験室_0.6,情報棟7-61_0.8,情報棟7-63_0.6
0,情報棟7-63,info7,222,305,情報棟746ゼミ室_0.5,情報棟743研究室_0.6,情報棟7-62_0.6,情報棟7-64_0.3
0,情報棟7-64,info7,222,288,情報棟742研究室_0.6,情報棟7-63_0.3,情報棟7-65_0.4
0,情報棟7-65,info7,222,270,情報棟747実験室_0.5,情報棟741研究室_0.6,情報棟7-64_0.4,情報棟7-66_0.3
0,情報棟7-66,info7,222,253,情報棟740研究室_0.6,情報棟7-65_0.3,情報棟7-67_0.5
0,情報棟7-67,info7,222,230,情報棟7-66_0.5,情報棟7-68_1.7
0,情報棟7-68,info7,139,230,情報棟7-67_1.7,情報棟7-69_0.3,情報棟7-70_1.7
0,情報棟7-69,info7,139,244,情報棟7-68_0.3,情報棟6-68_2.0,情報棟8-69_2.0
0,情報棟7-70,info7,55,230,情報棟7-68_1.7,情報棟7-71_0.5
0,情報棟7-71,info7,55,253,情報棟710研究室_0.5,情報棟7-70_0.5,情報棟7-72_0.3
0,情報棟7-72,info7,55,270,情報棟711研究室_0.5,情報棟717ゼミ室_0.5,情報棟7-71_0.3,情報棟7-73_0.4
0,情報棟7-73,info7,55,288,情報棟712資料室_0.5,情報棟7-72_0.4,情報棟7-74_0.3
0,情報棟7-74,info7,55,305,情報棟713研究室_0.5,情報棟716研究室_0.5,情報棟7-73_0.3,情報棟7-75_0.6
0,情報棟7-75,info7,55,333,情報棟714研究室_0.5,情報棟715実験室_0.5,情報棟7-74_0.6,情報棟7-76_0.8
0,情報棟7-76,info7,55,371,情報棟7-61_3.3,情報棟7-75_0.8,情報棟7-77_0.5
0,情報棟7-77,info7,55,397,情報棟720研究室_0.5,情報棟7-76_0.5,情報棟7-78_0.4
0,情報棟7-78,info7,55,415,情報棟721資料室_0.5,情報棟727研究室_0.5,情報棟7-77_0.4,情報棟7-79_0.4
0,情報棟7-79,info7,55,433,情報棟722ゼミ室_0.5,情報棟7-78_0.4,情報棟7-80_0.4
0,情報棟7-80,info7,55,451,情報棟723研究室_0.5,情報棟726実験室_0.5,情報棟7-79_0.4,情報棟7-81_0.5
0,情報棟7-81,info7,55,477,情報棟724実験室_0.5,情報棟725研究室_0.5,情報棟7-80_0.5,情報棟7-82_1.3
0,情報棟7-82,info7,55,542,情報棟730研究室_0.5,情報棟7-81_1.3,情報棟7-83_0.4
0,情報棟7-83,info7,55,560,情報棟731研究室_0.5,情報棟737研究室_0.5,情報棟7-82_0.4,情報棟7-84_0.3
0,情報棟7-84,info7,55,577,情報棟732研究室_0.5,情報棟7-83_0.3,情報棟7-85_0.4
0,情報棟7-85,info7,55,596,情報棟733研究室_0.5,情報棟736実験室_0.5,情報棟7-84_0.4,情報棟7-86_0.5
0,情報棟7-86,info7,55,623,情報棟734実験室_0.5,情報棟735ゼミ室_0.5,情報棟7-85_0.5,情報棟7-87_0.7
0,情報棟7-87,info7,55,656,情報棟7-86_0.7,情報棟7-88_0.4
0,情報棟7-88,info7,74,656,情報棟7-87_0.4,情報棟6-86_2.0,情報棟8-88_2.0
1,情報棟810研究室,info8,33,236,情報棟8-71_0.5
1,情報棟811ゼミ室,info8,33,255,情報棟8-72_0.5
1,情報棟812研究室,info8,33,273,情報棟8-73_0.5
1,情報棟813研究室,info8,33,292,情報棟8-74_0.5
1,情報棟814実験室,info8,33,316,情報棟8-75_0.5
1,情報棟820研究室,info8,33,382,情報棟8-76_0.5
1,情報棟821研究室,info8,33,400,情報棟8-77_0.5
1,情報棟822研究室,info8,33,416,情報棟8-78_0.5
1,情報棟823研究室,info8,33,435,情報棟8-79_0.5
1,情報棟824研究室,info8,33,461,情報棟8-80_0.5
1,情報棟830研究室,info8,33,525,情報棟8-82_0.5
1,情報棟831研究室,info8,33,543,情報棟8-83_0.5
1,情報棟832資料室,info8,33,562,情報棟8-84_0.5
1,情報棟833研究室,info8,33,580,情報棟8-85_0.5
1,情報棟834実験室,info8,33,606,情報棟8-86_0.5
1,情報棟817資料室,info8,86,255,情報棟8-72_0.5
1,情報棟816実験室,info8,86,292,情報棟8-74_0.5
1,情報棟815実験室,info8,86,316,情報棟8-75_0.5
1,情報棟827実験室,info8,86,400,情報棟8-77_0.5
1,情報棟826実験室,info8,86,435,情報棟8-79_0.5
1,情報棟825ゼミ室,info8,86,461,情報棟8-80_0.5
1,情報棟837研究室,info8,86,543,情報棟8-83_0.5
1,情報棟836実験室,info8,86,580,情報棟8-85_0.5
1,情報棟835研究室,info8,86,606,情報棟8-86_0.5
1,情報棟847研究室,info8,200,255,情報棟8-65_0.5
1,情報棟846研究室,info8,200,292,情報棟8-63_0.5
1,情報棟845研究室,info8,200,316,情報棟8-62_0.5
1,情報棟857実験室,info8,200,400,情報棟8-60_0.5
1,情報棟856実験室,info8,200,435,情報棟8-58_0.5
1,情報棟855実験室,info8,200,461,情報棟8-57_0.5
1,情報棟867研究室,info8,200,543,情報棟8-54_0.5
1,情報棟866実験室,info8,200,580,情報棟8-52_0.5
1,情報棟865実験室,info8,200,606,情報棟8-51_0.5
1,情報棟840資料室,info8,253,236,情報棟8-66_0.5
1,情報棟841研究室,info8,253,255,情報棟8-65_0.5
1,情報棟842ゼミ室,info8,253,273,情報棟8-64_0.5
1,情報棟843研究室,info8,253,292,情報棟8-63_0.5
1,情報棟844研究室,info8,253,316,情報棟8-62_0.5
1,情報棟850研究室,info8,253,382,情報棟8-61_0.5
1,情報棟851資料室,info8,253,400,情報棟8-60_0.5
1,情報棟852研究室,info8,253,418,情報棟8-59_0.5
1,情報棟853研究室,info8,253,435,情報棟8-58_0.5
1,情報棟854ゼミ室,info8,253,461,情報棟8-57_0.5
1,情報棟860研究室,info8,253,525,情報棟8-55_0.5
1,情報棟861ゼミ室,info8,253,543,情報棟8-54_0.5
1,情報棟862資料室,info8,253,562,情報棟8-53_0.5
1,情報棟863研究室,info8,253,580,情報棟8-52_0.5
1,情報棟864研究室,info8,253,606,情報棟8-51_0.5
0,情報棟8-49,info8,207,639,情報棟8-50_0.4,情報棟7-49_2.0
0,情報棟8-50,info8,226,639,情報棟8-49_0.4,情報棟8-51_0.7
0,情報棟8-51,info8,226,606,情報棟865実験室_0.5,情報棟864研究室_0.5,情報棟8-50_0.7,情報棟8-52_0.5
0,情報棟8-52,info8,226,580,情報棟866実験室_0.5,情報棟863研究室_0.5,情報棟8-51_0.5,情報棟8-53_0.4
0,情報棟8-53,info8,226,562,情報棟862資料室_0.5,情報棟8-52_0.4,情報棟8-54_0.4
0,情報棟8-54,info8,226,543,情報棟867研究室_0.5,情報棟861ゼミ室_0.5,情報棟8-53_0.4,情報棟8-55_0.4
0,情報棟8-55,info8,226,525,情報棟860研究室_0.5,情報棟8-54_0.4,情報棟8-56_0.5
0,情報棟8-56,info8,226,500,情報棟8-55_0.5,情報棟8-57_0.8,情報棟8-81_3.3
0,情報棟8-57,info8,226,461,情報棟855実験室_0.5,情報棟854ゼミ室_0.5,情報棟8-56_0.8,情報棟8-58_0.5
0,情報棟8-58,info8,226,435,情報棟856実験室_0.5,情報棟853研究室_0.5,情報棟8-57_0.5,情報棟8-59_0.3
0,情報棟8-59,info8,226,418,情報棟852研究室_0.5,情報棟8-58_0.3,情報棟8-60_0.4
0,情報棟8-60,info8,226,400,情報棟857実験室_0.5,情報棟851資料室_0.5,情報棟8-59_0.4,情報棟8-61_0.4
0,情報棟8-61,info8,226,382,情報棟850研究室_0.5,情報棟8-60_0.4,情報棟8-62_1.3
0,情報棟8-62,info8,226,316,情報棟845研究室_0.5,情報棟844研究室_0.5,情報棟8-61_1.3,情報棟8-63_0.5
0,情報棟8-63,info8,226,292,情報棟846研究室_0.5,情報棟843研究室_0.5,情報棟8-62_0.5,情報棟8-64_0.4
0,情報棟8-64,info8,226,273,情報棟842ゼミ室_0.5,情報棟8-63_0.4,情報棟8-65_0.4
0,情報棟8-65,info8,226,255,情報棟847研究室_0.5,情報棟841研究室_0.5,情報棟8-64_0.4,情報棟8-66_0.4
0,情報棟8-66,info8,226,236,情報棟840資料室_0.5,情報棟8-65_0.4,情報棟8-67_0.4
0,情報棟8-67,info8,226,215,情報棟8-66_0.4,情報棟8-68_1.7
0,情報棟8-68,info8,143,215,情報棟8-67_1.7,情報棟8-69_0.2,情報棟8-70_1.7
0,情報棟8-69,info8,143,225,情報棟8-68_0.2,情報棟7-69_2.0
0,情報棟8-70,info8,60,215,情報棟8-68_1.7,情報棟8-71_0.4
0,情報棟8-71,info8,60,236,情報棟810研究室_0.5,情報棟8-70_0.4,情報棟8-72_0.4
0,情報棟8-72,info8,60,255,情報棟811ゼミ室_0.5,情報棟817資料室_0.5,情報棟8-71_0.4,情報棟8-73_0.4
0,情報棟8-73,info8,60,273,情報棟812研究室_0.5,情報棟8-72_0.4,情報棟8-74_0.4
0,情報棟8-74,info8,60,292,情報棟813研究室_0.5,情報棟816実験室_0.5,情報棟8-73_0.4,情報棟8-75_0.5
0,情報棟8-75,info8,60,316,情報棟814実験室_0.5,情報棟815実験室_0.5,情報棟8-74_0.5,情報棟8-76_1.3
0,情報棟8-76,info8,60,382,情報棟820研究室_0.5,情報棟8-75_1.3,情報棟8-77_0.4
0,情報棟8-77,info8,60,400,情報棟821研究室_0.5,情報棟827実験室_0.5,情報棟8-76_0.4,情報棟8-78_0.4
0,情報棟8-78,info8,60,418,情報棟822研究室_0.5,情報棟8-77_0.4,情報棟8-79_0.3
0,情報棟8-79,info8,60,435,情報棟823研究室_0.5,情報棟826実験室_0.5,情報棟8-78_0.3,情報棟8-80_0.5
0,情報棟8-80,info8,60,461,情報棟824研究室_0.5,情報棟825ゼミ室_0.5,情報棟8-79_0.5,情報棟8-81_0.8
0,情報棟8-81,info8,60,500,情報棟8-80_0.8,情報棟8-82_0.5,情報棟8-56_3.3
0,情報棟8-82,info8,60,525,情報棟830研究室_0.5,情報棟8-81_0.5,情報棟8-83_0.4
0,情報棟8-83,info8,60,543,情報棟831研究室_0.5,情報棟837研究室_0.5,情報棟8-82_0.4,情報棟8-84_0.4
0,情報棟8-84,info8,60,562,情報棟832資料室_0.5,情報棟8-83_0.4,情報棟8-85_0.4
0,情報棟8-85,info8,60,580,情報棟833研究室_0.5,情報棟836実験室_0.5,情報棟8-84_0.4,情報棟8-86_0.5
0,情報棟8-86,info8,60,606,情報棟834実験室_0.5,情報棟835研究室_0.5,情報棟8-85_0.5,情報棟8-87_0.7
0,情報棟8-87,info8,60,639,情報棟8-86_0.7,情報棟8-88_0.4
0,情報棟8-88,info8,79,639,情報棟8-87_0.4,情報棟7-88_2.0